source_file,line,source_name,source_url,canonical_id,disposition,reason
devopstools_final.md,1032,Codecov,https://about.codecov.io/,codecov,kept,Canonical occurrence retained
devopstools_final.md,84,Gitea,https://about.gitea.com/,gitea,kept,Canonical occurrence retained
1_Foundational-Skills/README.md,6,Gitea,https://about.gitea.com/,gitea,merged,Merged by normalized canonical URL; provenance preserved
devopstools_final.md,86,GitLab,https://about.gitlab.com/,gitlab,kept,Canonical occurrence retained
1_Foundational-Skills/README.md,8,GitLab,https://about.gitlab.com/,gitlab,merged,Merged by normalized canonical URL; provenance preserved
devopstools_final.md,112,Academy JetBrains,https://academy.jetbrains.com/,academy-jetbrains,kept,Canonical occurrence retained
1_Foundational-Skills/README.md,33,Academy JetBrains,https://academy.jetbrains.com/,academy-jetbrains,merged,Merged by normalized canonical URL; provenance preserved
devopstools_final.md,432,Desktop Kubernetes,https://aceeric.github.io/desktop-kubernetes/,desktop-kubernetes,kept,Canonical occurrence retained
devopstools_final.md,529,Agones,https://agones.dev/site/,agones,kept,Canonical occurrence retained
devopstools_final.md,411,Aider,https://aider.chat/,aider,kept,Canonical occurrence retained
3_CI-CD-Automation/README.md,174,Aider,https://aider.chat/,aider,merged,Merged by normalized canonical URL; provenance preserved
devopstools_final.md,530,AI Gateway (Envoy),https://aigateway.envoyproxy.io/,ai-gateway-envoy,kept,Canonical occurrence retained
4_Kubernetes-Containers/README.md,69,AI Gateway (Envoy),https://aigateway.envoyproxy.io/,ai-gateway-envoy,merged,Merged by normalized canonical URL; provenance preserved
devopstools_final.md,845,CAI (RobotSec),https://aliasrobotics.github.io/cai/,cai-robotsec,kept,Canonical occurrence retained
6_Security/README.md,11,CAI (RobotSec),https://aliasrobotics.github.io/cai/,cai-robotsec,merged,Merged by normalized canonical URL; provenance preserved
devopstools_final.md,1124,Angular,https://angular.dev/,angular,kept,Canonical occurrence retained
7_Development-Collaboration/README.md,84,Angular,https://angular.dev/,angular,merged,Merged by normalized canonical URL; provenance preserved
devopstools_final.md,1093,Ansible Lint,https://ansible.readthedocs.io/projects/lint/,ansible-lint,kept,Canonical occurrence retained
7_Development-Collaboration/README.md,56,Ansible Lint,https://ansible.readthedocs.io/projects/lint/,ansible-lint,merged,Merged by normalized canonical URL; provenance preserved
devopstools_final.md,840,Apiiro,https://apiiro.com/,apiiro,kept,Canonical occurrence retained
devopstools_final.md,308,Appcircle,https://appcircle.io/,appcircle,kept,Canonical occurrence retained
3_CI-CD-Automation/README.md,4,Appcircle,https://appcircle.io/,appcircle,merged,Merged by normalized canonical URL; provenance preserved
devopstools_final.md,107,AppImage,https://appimage.org/,appimage,kept,Canonical occurrence retained
1_Foundational-Skills/README.md,28,AppImage,https://appimage.org/,appimage,merged,Merged by normalized canonical URL; provenance preserved
devopstools_final.md,483,kube-bench,https://aquasecurity.github.io/kube-bench/,kube-bench,kept,Canonical occurrence retained
4_Kubernetes-Containers/README.md,36,kube-bench,https://aquasecurity.github.io/kube-bench/,kube-bench,merged,Merged by normalized canonical URL; provenance preserved
devopstools_final.md,484,kube-hunter,https://aquasecurity.github.io/kube-hunter/,kube-hunter,kept,Canonical occurrence retained
4_Kubernetes-Containers/README.md,37,kube-hunter,https://aquasecurity.github.io/kube-hunter/,kube-hunter,merged,Merged by normalized canonical URL; provenance preserved
devopstools_final.md,923,Tracee,https://aquasecurity.github.io/tracee/latest/,tracee,kept,Canonical occurrence retained
devopstools_final.md,633,Trivy,https://aquasecurity.github.io/trivy/,trivy,kept,Canonical occurrence retained
devopstools_final.md,918,Trivy,https://aquasecurity.github.io/trivy/,trivy,merged,Merged by normalized canonical URL; provenance preserved
4_Kubernetes-Containers/README.md,138,Trivy,https://aquasecurity.github.io/trivy/,trivy,merged,Merged by normalized canonical URL; provenance preserved
6_Security/README.md,54,Trivy,https://aquasecurity.github.io/trivy/,trivy,merged,Merged by normalized canonical URL; provenance preserved
devopstools_final.md,385,ArgoCD,https://argo-cd.readthedocs.io/,argocd,kept,Canonical occurrence retained
3_CI-CD-Automation/README.md,134,ArgoCD,https://argo-cd.readthedocs.io/,argocd,merged,Merged by normalized canonical URL; provenance preserved
devopstools_final.md,386,ArgoCD Agent,https://argocd-agent.readthedocs.io/latest/,argocd-agent,kept,Canonical occurrence retained
3_CI-CD-Automation/README.md,136,ArgoCD Agent,https://argocd-agent.readthedocs.io/latest/,argocd-agent,merged,Merged by normalized canonical URL; provenance preserved
devopstools_final.md,388,ArgoCD Image Updater,https://argocd-image-updater.readthedocs.io/en/stable/,argocd-image-updater,kept,Canonical occurrence retained
3_CI-CD-Automation/README.md,140,ArgoCD Image Updater,https://argocd-image-updater.readthedocs.io/en/stable/,argocd-image-updater,merged,Merged by normalized canonical URL; provenance preserved
devopstools_final.md,389,ArgoCD Vault Plugin,https://argocd-vault-plugin.readthedocs.io/en/stable/,argocd-vault-plugin,kept,Canonical occurrence retained
devopstools_final.md,974,ArgoCD Vault Plugin,https://argocd-vault-plugin.readthedocs.io/en/stable/,argocd-vault-plugin,merged,Merged by normalized canonical URL; provenance preserved
3_CI-CD-Automation/README.md,142,ArgoCD Vault Plugin,https://argocd-vault-plugin.readthedocs.io/en/stable/,argocd-vault-plugin,merged,Merged by normalized canonical URL; provenance preserved
6_Security/README.md,87,ArgoCD Vault Plugin,https://argocd-vault-plugin.readthedocs.io/en/stable/,argocd-vault-plugin,merged,Merged by normalized canonical URL; provenance preserved
devopstools_final.md,309,Argo Workflows,https://argoproj.github.io/argo-workflows/,argo-workflows,kept,Canonical occurrence retained
3_CI-CD-Automation/README.md,6,Argo Workflows,https://argoproj.github.io/argo-workflows/,argo-workflows,merged,Merged by normalized canonical URL; provenance preserved
devopstools_final.md,1251,Arize Phoenix,https://arize.com/docs/phoenix,arize-phoenix,kept,Canonical occurrence retained
9_AI-MLOps/README.md,64,Arize Phoenix,https://arize.com/docs/phoenix,arize-phoenix,merged,Merged by normalized canonical URL; provenance preserved
devopstools_final.md,367,Artifact Hub,https://artifacthub.io/,artifact-hub,kept,Canonical occurrence retained
3_CI-CD-Automation/README.md,102,Artifact Hub,https://artifacthub.io/,artifact-hub,merged,Merged by normalized canonical URL; provenance preserved
devopstools_final.md,1125,ASP.NET Aspire,https://aspire.dev/,asp-net-aspire,kept,Canonical occurrence retained
7_Development-Collaboration/README.md,85,ASP.NET Aspire,https://aspire.dev/,asp-net-aspire,merged,Merged by normalized canonical URL; provenance preserved
devopstools_final.md,1067,Nixite,https://aspizu.github.io/nixite/,nixite,kept,Canonical occurrence retained
7_Development-Collaboration/README.md,38,Nixite,https://aspizu.github.io/nixite/,nixite,merged,Merged by normalized canonical URL; provenance preserved
devopstools_final.md,166,atmos,https://atmos.tools/,atmos,kept,Canonical occurrence retained
devopstools_final.md,1143,Atmosly,https://atmosly.com/,atmosly,kept,Canonical occurrence retained
7_Development-Collaboration/README.md,97,Atmosly,https://atmosly.com/,atmosly,merged,Merged by normalized canonical URL; provenance preserved
devopstools_final.md,1000,Auth0,https://auth0.com/,auth0,kept,Canonical occurrence retained
devopstools_final.md,150,Amazon Web Services (AWS),https://aws.amazon.com/,amazon-web-services-aws,kept,Canonical occurrence retained
2_Cloud-Infrastructure-Serverless/README.md,4,Amazon Web Services (AWS),https://aws.amazon.com/,amazon-web-services-aws,merged,Merged by normalized canonical URL; provenance preserved
devopstools_final.md,1213,AWS Billing and Cost Management MCP Server,https://aws.amazon.com/blogs/aws-cloud-financial-management/aws-announces-billing-and-cost-management-mcp-server/,aws-billing-and-cost-management-mcp-server,kept,Canonical occurrence retained
9_AI-MLOps/README.md,42,AWS Billing and Cost Management MCP Server,https://aws.amazon.com/blogs/aws-cloud-financial-management/aws-announces-billing-and-cost-management-mcp-server/,aws-billing-and-cost-management-mcp-server,merged,Merged by normalized canonical URL; provenance preserved
devopstools_final.md,169,AWS CDK,https://aws.amazon.com/cdk/,aws-cdk,kept,Canonical occurrence retained
2_Cloud-Infrastructure-Serverless/README.md,34,AWS CDK,https://aws.amazon.com/cdk/,aws-cdk,merged,Merged by normalized canonical URL; provenance preserved
devopstools_final.md,1078,AWS Cloud9,https://aws.amazon.com/cloud9/,aws-cloud9,kept,Canonical occurrence retained
7_Development-Collaboration/README.md,44,AWS Cloud9,https://aws.amazon.com/cloud9/,aws-cloud9,merged,Merged by normalized canonical URL; provenance preserved
devopstools_final.md,170,AWS CloudFormation,https://aws.amazon.com/cloudformation/,aws-cloudformation,kept,Canonical occurrence retained
2_Cloud-Infrastructure-Serverless/README.md,36,AWS CloudFormation,https://aws.amazon.com/cloudformation/,aws-cloudformation,merged,Merged by normalized canonical URL; provenance preserved
devopstools_final.md,695,Amazon CloudWatch,https://aws.amazon.com/cloudwatch/,amazon-cloudwatch,kept,Canonical occurrence retained
5_Monitoring-Observability/README.md,4,Amazon CloudWatch,https://aws.amazon.com/cloudwatch/,amazon-cloudwatch,merged,Merged by normalized canonical URL; provenance preserved
devopstools_final.md,659,ECS,https://aws.amazon.com/ecs/,ecs,kept,Canonical occurrence retained
4_Kubernetes-Containers/README.md,157,ECS,https://aws.amazon.com/ecs/,ecs,merged,Merged by normalized canonical URL; provenance preserved
devopstools_final.md,660,EKS,https://aws.amazon.com/eks/,eks,kept,Canonical occurrence retained
4_Kubernetes-Containers/README.md,158,EKS,https://aws.amazon.com/eks/,eks,merged,Merged by normalized canonical URL; provenance preserved
devopstools_final.md,661,Fargate,https://aws.amazon.com/fargate/,fargate,kept,Canonical occurrence retained
4_Kubernetes-Containers/README.md,159,Fargate,https://aws.amazon.com/fargate/,fargate,merged,Merged by normalized canonical URL; provenance preserved
devopstools_final.md,1160,AWS Fault Injection Service,https://aws.amazon.com/fis/,aws-fault-injection-service,kept,Canonical occurrence retained
8_Chaos-Engineering/README.md,4,AWS Fault Injection Service,https://aws.amazon.com/fis/,aws-fault-injection-service,merged,Merged by normalized canonical URL; provenance preserved
devopstools_final.md,298,AWS Storage Gateway,https://aws.amazon.com/fr/storagegateway/,aws-storage-gateway,kept,Canonical occurrence retained
2_Cloud-Infrastructure-Serverless/README.md,226,AWS Storage Gateway,https://aws.amazon.com/fr/storagegateway/,aws-storage-gateway,merged,Merged by normalized canonical URL; provenance preserved
devopstools_final.md,208,AWS Lambda,https://aws.amazon.com/lambda/,aws-lambda,kept,Canonical occurrence retained
2_Cloud-Infrastructure-Serverless/README.md,94,AWS Lambda,https://aws.amazon.com/lambda/,aws-lambda,merged,Merged by normalized canonical URL; provenance preserved
devopstools_final.md,1197,Amazon Q Developer,https://aws.amazon.com/q/developer/,amazon-q-developer,kept,Canonical occurrence retained
9_AI-MLOps/README.md,20,Amazon Q Developer,https://aws.amazon.com/q/developer/,amazon-q-developer,merged,Merged by normalized canonical URL; provenance preserved
devopstools_final.md,975,AWS Secrets Manager,https://aws.amazon.com/secrets-manager/,aws-secrets-manager,kept,Canonical occurrence retained
6_Security/README.md,88,AWS Secrets Manager,https://aws.amazon.com/secrets-manager/,aws-secrets-manager,merged,Merged by normalized canonical URL; provenance preserved
devopstools_final.md,1214,AWS MCP,https://awslabs.github.io/mcp/,aws-mcp,kept,Canonical occurrence retained
9_AI-MLOps/README.md,44,AWS MCP,https://awslabs.github.io/mcp/,aws-mcp,merged,Merged by normalized canonical URL; provenance preserved
devopstools_final.md,167,Azure Verified Modules (AVM),https://azure.github.io/Azure-Verified-Modules/,azure-verified-modules-avm,kept,Canonical occurrence retained
devopstools_final.md,533,Azure Service Operator,https://azure.github.io/azure-service-operator/,azure-service-operator,kept,Canonical occurrence retained
4_Kubernetes-Containers/README.md,72,Azure Service Operator,https://azure.github.io/azure-service-operator/,azure-service-operator,merged,Merged by normalized canonical URL; provenance preserved
devopstools_final.md,159,Microsoft Azure,https://azure.microsoft.com/,microsoft-azure,kept,Canonical occurrence retained
2_Cloud-Infrastructure-Serverless/README.md,22,Microsoft Azure,https://azure.microsoft.com/,microsoft-azure,merged,Merged by normalized canonical URL; provenance preserved
devopstools_final.md,1161,Azure Chaos Studio,https://azure.microsoft.com/en-us/products/chaos-studio/,azure-chaos-studio,kept,Canonical occurrence retained
8_Chaos-Engineering/README.md,6,Azure Chaos Studio,https://azure.microsoft.com/en-us/products/chaos-studio/,azure-chaos-studio,merged,Merged by normalized canonical URL; provenance preserved
devopstools_final.md,209,Azure Container Apps,https://azure.microsoft.com/en-us/products/container-apps/,azure-container-apps,kept,Canonical occurrence retained
2_Cloud-Infrastructure-Serverless/README.md,96,Azure Container Apps,https://azure.microsoft.com/en-us/products/container-apps/,azure-container-apps,merged,Merged by normalized canonical URL; provenance preserved
devopstools_final.md,210,Azure Functions,https://azure.microsoft.com/en-us/products/functions/,azure-functions,kept,Canonical occurrence retained
2_Cloud-Infrastructure-Serverless/README.md,98,Azure Functions,https://azure.microsoft.com/en-us/products/functions/,azure-functions,merged,Merged by normalized canonical URL; provenance preserved
devopstools_final.md,656,AKS,https://azure.microsoft.com/en-us/products/kubernetes-service/,aks,kept,Canonical occurrence retained
4_Kubernetes-Containers/README.md,155,AKS,https://azure.microsoft.com/en-us/products/kubernetes-service/,aks,merged,Merged by normalized canonical URL; provenance preserved
devopstools_final.md,1056,Azure Storage Explorer,https://azure.microsoft.com/en-us/products/storage/storage-explorer/,azure-storage-explorer,kept,Canonical occurrence retained
7_Development-Collaboration/README.md,32,Azure Storage Explorer,https://azure.microsoft.com/en-us/products/storage/storage-explorer/,azure-storage-explorer,merged,Merged by normalized canonical URL; provenance preserved
devopstools_final.md,310,Azure DevOps,https://azure.microsoft.com/en-us/services/devops/,azure-devops,kept,Canonical occurrence retained
3_CI-CD-Automation/README.md,8,Azure DevOps,https://azure.microsoft.com/en-us/services/devops/,azure-devops,merged,Merged by normalized canonical URL; provenance preserved
devopstools_final.md,1144,Backstage,https://backstage.io/,backstage,kept,Canonical occurrence retained
7_Development-Collaboration/README.md,98,Backstage,https://backstage.io/,backstage,merged,Merged by normalized canonical URL; provenance preserved
devopstools_final.md,347,Bazel,https://bazel.build/,bazel,kept,Canonical occurrence retained
3_CI-CD-Automation/README.md,72,Bazel,https://bazel.build/,bazel,merged,Merged by normalized canonical URL; provenance preserved
devopstools_final.md,697,Beszel,https://beszel.dev/,beszel,kept,Canonical occurrence retained
devopstools_final.md,82,Bitbucket,https://bitbucket.org/,bitbucket,kept,Canonical occurrence retained
1_Foundational-Skills/README.md,4,Bitbucket,https://bitbucket.org/,bitbucket,merged,Merged by normalized canonical URL; provenance preserved
devopstools_final.md,1198,Bito,https://bito.ai/,bito,kept,Canonical occurrence retained
9_AI-MLOps/README.md,22,Bito,https://bito.ai/,bito,merged,Merged by normalized canonical URL; provenance preserved
devopstools_final.md,313,Bitrise,https://bitrise.io/,bitrise,kept,Canonical occurrence retained
3_CI-CD-Automation/README.md,14,Bitrise,https://bitrise.io/,bitrise,merged,Merged by normalized canonical URL; provenance preserved
devopstools_final.md,1110,Black,https://black.readthedocs.io/,black,kept,Canonical occurrence retained
7_Development-Collaboration/README.md,71,Black,https://black.readthedocs.io/,black,merged,Merged by normalized canonical URL; provenance preserved
devopstools_final.md,437,kubebuilder Book,https://book.kubebuilder.io/,kubebuilder-book,kept,Canonical occurrence retained
4_Kubernetes-Containers/README.md,8,kubebuilder Book,https://book.kubebuilder.io/,kubebuilder-book,merged,Merged by normalized canonical URL; provenance preserved
devopstools_final.md,878,LOTP (Living Off the Pipeline),https://boostsecurityio.github.io/lotp/,lotp-living-off-the-pipeline,kept,Canonical occurrence retained
devopstools_final.md,450,BotKube,https://botkube.io/,botkube,kept,Canonical occurrence retained
4_Kubernetes-Containers/README.md,20,BotKube,https://botkube.io/,botkube,merged,Merged by normalized canonical URL; provenance preserved
devopstools_final.md,230,Bottlerocket,https://bottlerocket.dev/,bottlerocket,kept,Canonical occurrence retained
2_Cloud-Infrastructure-Serverless/README.md,132,Bottlerocket,https://bottlerocket.dev/,bottlerocket,merged,Merged by normalized canonical URL; provenance preserved
devopstools_final.md,1007,HashiCorp Boundary,https://boundaryproject.io/,hashicorp-boundary,kept,Canonical occurrence retained
6_Security/README.md,114,HashiCorp Boundary,https://boundaryproject.io/,hashicorp-boundary,merged,Merged by normalized canonical URL; provenance preserved
devopstools_final.md,842,BridgeCrew,https://bridgecrew.io/,bridgecrew,kept,Canonical occurrence retained
6_Security/README.md,8,BridgeCrew,https://bridgecrew.io/,bridgecrew,merged,Merged by normalized canonical URL; provenance preserved
devopstools_final.md,314,Buddy,https://buddy.works/,buddy,kept,Canonical occurrence retained
3_CI-CD-Automation/README.md,16,Buddy,https://buddy.works/,buddy,merged,Merged by normalized canonical URL; provenance preserved
devopstools_final.md,348,Buildah,https://buildah.io/,buildah,kept,Canonical occurrence retained
3_CI-CD-Automation/README.md,74,Buildah,https://buildah.io/,buildah,merged,Merged by normalized canonical URL; provenance preserved
devopstools_final.md,315,Buildkite,https://buildkite.com/,buildkite,kept,Canonical occurrence retained
3_CI-CD-Automation/README.md,18,Buildkite,https://buildkite.com/,buildkite,merged,Merged by normalized canonical URL; provenance preserved
devopstools_final.md,1279,ByteByteGo DevOps Guide,https://bytebytego.com/guides/devops-cicd/,bytebytego-devops-guide,kept,Canonical occurrence retained
10_Miscellaneous/README.md,26,ByteByteGo DevOps Guide,https://bytebytego.com/guides/devops-cicd/,bytebytego-devops-guide,merged,Merged by normalized canonical URL; provenance preserved
devopstools_final.md,1131,Caddy,https://caddyserver.com/,caddy,kept,Canonical occurrence retained
devopstools_final.md,316,Cadence CI,https://cadence.ci/,cadence-ci,kept,Canonical occurrence retained
3_CI-CD-Automation/README.md,20,Cadence CI,https://cadence.ci/,cadence-ci,merged,Merged by normalized canonical URL; provenance preserved
devopstools_final.md,1153,Cal.com,https://cal.com/,cal-com,kept,Canonical occurrence retained
devopstools_final.md,671,Rūsternetes,https://calfonso.github.io/rusternetes/,r-sternetes,kept,Canonical occurrence retained
devopstools_final.md,402,Camunda,https://camunda.com/,camunda,kept,Canonical occurrence retained
3_CI-CD-Automation/README.md,162,Camunda,https://camunda.com/,camunda,merged,Merged by normalized canonical URL; provenance preserved
devopstools_final.md,199,Juju,https://canonical.com/juju,juju,kept,Canonical occurrence retained
2_Cloud-Infrastructure-Serverless/README.md,78,Juju,https://canonical.com/juju,juju,merged,Merged by normalized canonical URL; provenance preserved
devopstools_final.md,535,Capsule,https://capsule.clastix.io/,capsule,kept,Canonical occurrence retained
devopstools_final.md,930,Capsule,https://clastix.io/capsule/,capsule,merged,Merged by normalized canonical URL; provenance preserved
4_Kubernetes-Containers/README.md,74,Capsule,https://capsule.clastix.io/,capsule,merged,Merged by normalized canonical URL; provenance preserved
6_Security/README.md,62,Capsule,https://clastix.io/capsule/,capsule,merged,Merged by normalized canonical URL; provenance preserved
devopstools_final.md,536,Carvel,https://carvel.dev/,carvel,kept,Canonical occurrence retained
4_Kubernetes-Containers/README.md,75,Carvel,https://carvel.dev/,carvel,merged,Merged by normalized canonical URL; provenance preserved
devopstools_final.md,451,Carvel kapp,https://carvel.dev/kapp/,carvel-kapp,kept,Canonical occurrence retained
4_Kubernetes-Containers/README.md,21,Carvel kapp,https://carvel.dev/kapp/,carvel-kapp,merged,Merged by normalized canonical URL; provenance preserved
devopstools_final.md,537,Carvel ytt,https://carvel.dev/ytt/,carvel-ytt,kept,Canonical occurrence retained
4_Kubernetes-Containers/README.md,76,Carvel ytt,https://carvel.dev/ytt/,carvel-ytt,merged,Merged by normalized canonical URL; provenance preserved
devopstools_final.md,452,CasaVue,https://casavue.app/,casavue,kept,Canonical occurrence retained
4_Kubernetes-Containers/README.md,22,CasaVue,https://casavue.app/,casavue,merged,Merged by normalized canonical URL; provenance preserved
devopstools_final.md,788,Cast AI,https://cast.ai/,cast-ai,kept,Canonical occurrence retained
devopstools_final.md,412,CC Switch,https://ccswitch.io/en/,cc-switch,kept,Canonical occurrence retained
devopstools_final.md,172,cdk8s,https://cdk8s.io/,cdk8s,kept,Canonical occurrence retained
devopstools_final.md,675,Ceph,https://ceph.io/en/,ceph,kept,Canonical occurrence retained
4_Kubernetes-Containers/README.md,171,Ceph,https://ceph.io/en/,ceph,merged,Merged by normalized canonical URL; provenance preserved
devopstools_final.md,538,cert-manager,https://cert-manager.io/,cert-manager,kept,Canonical occurrence retained
4_Kubernetes-Containers/README.md,77,cert-manager,https://cert-manager.io/,cert-manager,merged,Merged by normalized canonical URL; provenance preserved
devopstools_final.md,195,CFEngine,https://cfengine.com/,cfengine,kept,Canonical occurrence retained
2_Cloud-Infrastructure-Serverless/README.md,70,CFEngine,https://cfengine.com/,cfengine,merged,Merged by normalized canonical URL; provenance preserved
devopstools_final.md,1163,Chaos Mesh,https://chaos-mesh.org/,chaos-mesh,kept,Canonical occurrence retained
8_Chaos-Engineering/README.md,10,Chaos Mesh,https://chaos-mesh.org/,chaos-mesh,merged,Merged by normalized canonical URL; provenance preserved
devopstools_final.md,1162,ChaosBlade,https://chaosblade.io/en/,chaosblade,kept,Canonical occurrence retained
8_Chaos-Engineering/README.md,8,ChaosBlade,https://chaosblade.io/en/,chaosblade,merged,Merged by normalized canonical URL; provenance preserved
devopstools_final.md,1164,Chaos Toolkit,https://chaostoolkit.org/,chaos-toolkit,kept,Canonical occurrence retained
8_Chaos-Engineering/README.md,12,Chaos Toolkit,https://chaostoolkit.org/,chaos-toolkit,merged,Merged by normalized canonical URL; provenance preserved
devopstools_final.md,1292,Reference (cheatsheets.zip),https://cheatsheets.zip/,reference-cheatsheets-zip,kept,Canonical occurrence retained
devopstools_final.md,848,Checkmarx,https://checkmarx.com/,checkmarx,kept,Canonical occurrence retained
6_Security/README.md,14,Checkmarx,https://checkmarx.com/,checkmarx,merged,Merged by normalized canonical URL; provenance preserved
devopstools_final.md,700,checkmk,https://checkmk.com/,checkmk,kept,Canonical occurrence retained
5_Monitoring-Observability/README.md,8,checkmk,https://checkmk.com/,checkmk,merged,Merged by normalized canonical URL; provenance preserved
devopstools_final.md,539,Chisel Operator,https://chisel.fyralabs.com/,chisel-operator,kept,Canonical occurrence retained
4_Kubernetes-Containers/README.md,78,Chisel Operator,https://chisel.fyralabs.com/,chisel-operator,merged,Merged by normalized canonical URL; provenance preserved
devopstools_final.md,566,Helmper,https://christoffernissen.github.io/helmper/,helmper,kept,Canonical occurrence retained
4_Kubernetes-Containers/README.md,94,Helmper,https://christoffernissen.github.io/helmper/,helmper,merged,Merged by normalized canonical URL; provenance preserved
devopstools_final.md,542,Cilium,https://cilium.io/,cilium,kept,Canonical occurrence retained
devopstools_final.md,932,Cilium,https://cilium.io/,cilium,merged,Merged by normalized canonical URL; provenance preserved
4_Kubernetes-Containers/README.md,79,Cilium,https://cilium.io/,cilium,merged,Merged by normalized canonical URL; provenance preserved
6_Security/README.md,64,Cilium,https://cilium.io/,cilium,merged,Merged by normalized canonical URL; provenance preserved
devopstools_final.md,317,CircleCI,https://circleci.com/,circleci,kept,Canonical occurrence retained
3_CI-CD-Automation/README.md,22,CircleCI,https://circleci.com/,circleci,merged,Merged by normalized canonical URL; provenance preserved
devopstools_final.md,879,Lynis,https://cisofy.com/lynis/,lynis,kept,Canonical occurrence retained
6_Security/README.md,33,Lynis,https://cisofy.com/lynis/,lynis,merged,Merged by normalized canonical URL; provenance preserved
devopstools_final.md,280,ClickHouse,https://clickhouse.com/,clickhouse,kept,Canonical occurrence retained
devopstools_final.md,741,ClickHouse (Observability),https://clickhouse.com/use-cases/observability,clickhouse,merged,Merged by normalized canonical URL; provenance preserved
2_Cloud-Infrastructure-Serverless/README.md,204,ClickHouse,https://clickhouse.com/,clickhouse,merged,Merged by normalized canonical URL; provenance preserved
5_Monitoring-Observability/README.md,38,ClickHouse (Observability),https://clickhouse.com/use-cases/observability,clickhouse,merged,Merged by normalized canonical URL; provenance preserved
devopstools_final.md,155,Google Cloud Platform,https://cloud.google.com/,google-cloud-platform,kept,Canonical occurrence retained
2_Cloud-Infrastructure-Serverless/README.md,14,Google Cloud Platform,https://cloud.google.com/,google-cloud-platform,merged,Merged by normalized canonical URL; provenance preserved
devopstools_final.md,371,Google Artifact Registry,https://cloud.google.com/artifact-registry,google-artifact-registry,kept,Canonical occurrence retained
3_CI-CD-Automation/README.md,110,Google Artifact Registry,https://cloud.google.com/artifact-registry,google-artifact-registry,merged,Merged by normalized canonical URL; provenance preserved
devopstools_final.md,327,Google Cloud Build,https://cloud.google.com/build,google-cloud-build,kept,Canonical occurrence retained
3_CI-CD-Automation/README.md,40,Google Cloud Build,https://cloud.google.com/build,google-cloud-build,merged,Merged by normalized canonical URL; provenance preserved
devopstools_final.md,212,Google Cloud Functions,https://cloud.google.com/functions,google-cloud-functions,kept,Canonical occurrence retained
2_Cloud-Infrastructure-Serverless/README.md,102,Google Cloud Functions,https://cloud.google.com/functions,google-cloud-functions,merged,Merged by normalized canonical URL; provenance preserved
devopstools_final.md,662,GKE,https://cloud.google.com/kubernetes-engine,gke,kept,Canonical occurrence retained
4_Kubernetes-Containers/README.md,160,GKE,https://cloud.google.com/kubernetes-engine,gke,merged,Merged by normalized canonical URL; provenance preserved
devopstools_final.md,213,Google Cloud Run,https://cloud.google.com/run,google-cloud-run,kept,Canonical occurrence retained
2_Cloud-Infrastructure-Serverless/README.md,104,Google Cloud Run,https://cloud.google.com/run,google-cloud-run,merged,Merged by normalized canonical URL; provenance preserved
devopstools_final.md,684,CloudCasa,https://cloudcasa.io/,cloudcasa,kept,Canonical occurrence retained
4_Kubernetes-Containers/README.md,180,CloudCasa,https://cloudcasa.io/,cloudcasa,merged,Merged by normalized canonical URL; provenance preserved
devopstools_final.md,174,CloudCustodian,https://cloudcustodian.io/,cloudcustodian,kept,Canonical occurrence retained
2_Cloud-Infrastructure-Serverless/README.md,42,CloudCustodian,https://cloudcustodian.io/,cloudcustodian,merged,Merged by normalized canonical URL; provenance preserved
devopstools_final.md,541,CloudNativePG,https://cloudnative-pg.io/,cloudnativepg,kept,Canonical occurrence retained
devopstools_final.md,368,Cloudsmith,https://cloudsmith.com/,cloudsmith,kept,Canonical occurrence retained
3_CI-CD-Automation/README.md,104,Cloudsmith,https://cloudsmith.com/,cloudsmith,merged,Merged by normalized canonical URL; provenance preserved
devopstools_final.md,151,Apache CloudStack,https://cloudstack.apache.org/,apache-cloudstack,kept,Canonical occurrence retained
2_Cloud-Infrastructure-Serverless/README.md,6,Apache CloudStack,https://cloudstack.apache.org/,apache-cloudstack,merged,Merged by normalized canonical URL; provenance preserved
devopstools_final.md,454,Cluster API Provider AWS,https://cluster-api-aws.sigs.k8s.io/,cluster-api-provider-aws,kept,Canonical occurrence retained
devopstools_final.md,453,Cluster API,https://cluster-api.sigs.k8s.io/,cluster-api,kept,Canonical occurrence retained
4_Kubernetes-Containers/README.md,23,Cluster API,https://cluster-api.sigs.k8s.io/,cluster-api,merged,Merged by normalized canonical URL; provenance preserved
devopstools_final.md,1310,cmd.ms,https://cmd.ms/,cmd-ms,kept,Canonical occurrence retained
devopstools_final.md,1082,VSCode,https://code.visualstudio.com/,vscode,kept,Canonical occurrence retained
7_Development-Collaboration/README.md,48,VSCode,https://code.visualstudio.com/,vscode,merged,Merged by normalized canonical URL; provenance preserved
devopstools_final.md,319,Codefresh,https://codefresh.io/,codefresh,kept,Canonical occurrence retained
3_CI-CD-Automation/README.md,26,Codefresh,https://codefresh.io/,codefresh,merged,Merged by normalized canonical URL; provenance preserved
devopstools_final.md,1311,Code Newsletter AI,https://codenewsletter.ai/,code-newsletter-ai,kept,Canonical occurrence retained
10_Miscellaneous/README.md,62,Code Newsletter AI,https://codenewsletter.ai/,code-newsletter-ai,merged,Merged by normalized canonical URL; provenance preserved
devopstools_final.md,1057,Coder,https://coder.com/,coder,kept,Canonical occurrence retained
devopstools_final.md,413,CodeWhale,https://codewhale.net/en,codewhale,kept,Canonical occurrence retained
devopstools_final.md,1320,codegraph,https://colbymchenry.github.io/codegraph/,codegraph,kept,Canonical occurrence retained
devopstools_final.md,814,Combodo (iTop),https://combodo.com/,combodo-itop,kept,Canonical occurrence retained
5_Monitoring-Observability/README.md,99,Combodo (iTop),https://combodo.com/,combodo-itop,merged,Merged by normalized canonical URL; provenance preserved
devopstools_final.md,1094,commitlint,https://commitlint.js.org/,commitlint,kept,Canonical occurrence retained
7_Development-Collaboration/README.md,57,commitlint,https://commitlint.js.org/,commitlint,merged,Merged by normalized canonical URL; provenance preserved
devopstools_final.md,1234,Composio,https://composio.dev/,composio,kept,Canonical occurrence retained
devopstools_final.md,320,Concourse,https://concourse-ci.org/,concourse,kept,Canonical occurrence retained
3_CI-CD-Automation/README.md,28,Concourse,https://concourse-ci.org/,concourse,merged,Merged by normalized canonical URL; provenance preserved
devopstools_final.md,231,Confidential Containers,https://confidentialcontainers.org/,confidential-containers,kept,Canonical occurrence retained
devopstools_final.md,232,containerd,https://containerd.io/,containerd,kept,Canonical occurrence retained
2_Cloud-Infrastructure-Serverless/README.md,134,containerd,https://containerd.io/,containerd,merged,Merged by normalized canonical URL; provenance preserved
devopstools_final.md,1058,Development Containers,https://containers.dev/,development-containers,kept,Canonical occurrence retained
devopstools_final.md,858,Dockle,https://containers.goodwith.tech/,dockle,kept,Canonical occurrence retained
6_Security/README.md,22,Dockle,https://containers.goodwith.tech/,dockle,merged,Merged by normalized canonical URL; provenance preserved
devopstools_final.md,852,Coraza,https://coraza.io/,coraza,kept,Canonical occurrence retained
6_Security/README.md,17,Coraza,https://coraza.io/,coraza,merged,Merged by normalized canonical URL; provenance preserved
devopstools_final.md,545,CoreDNS,https://coredns.io/,coredns,kept,Canonical occurrence retained
devopstools_final.md,701,Coroot,https://coroot.com/,coroot,kept,Canonical occurrence retained
5_Monitoring-Observability/README.md,9,Coroot,https://coroot.com/,coroot,merged,Merged by normalized canonical URL; provenance preserved
devopstools_final.md,742,Cortex,https://cortexmetrics.io/,cortex,kept,Canonical occurrence retained
devopstools_final.md,989,Cosmian KMS,https://cosmian.com/data-protection-suite/cosmian-kms/,cosmian-kms,kept,Canonical occurrence retained
6_Security/README.md,99,Cosmian KMS,https://cosmian.com/data-protection-suite/cosmian-kms/,cosmian-kms,merged,Merged by normalized canonical URL; provenance preserved
devopstools_final.md,996,Thales CipherTrust Manager,https://cpl.thalesgroup.com/encryption/ciphertrust-manager,thales-ciphertrust-manager,kept,Canonical occurrence retained
6_Security/README.md,106,Thales CipherTrust Manager,https://cpl.thalesgroup.com/encryption/ciphertrust-manager,thales-ciphertrust-manager,merged,Merged by normalized canonical URL; provenance preserved
devopstools_final.md,233,CRI-O,https://cri-o.io/,cri-o,kept,Canonical occurrence retained
2_Cloud-Infrastructure-Serverless/README.md,136,CRI-O,https://cri-o.io/,cri-o,merged,Merged by normalized canonical URL; provenance preserved
devopstools_final.md,234,CRIU,https://criu.org/Main_Page,criu,kept,Canonical occurrence retained
2_Cloud-Infrastructure-Serverless/README.md,138,CRIU,https://criu.org/Main_Page,criu,merged,Merged by normalized canonical URL; provenance preserved
devopstools_final.md,235,ctop,https://ctop.sh/,ctop,kept,Canonical occurrence retained
2_Cloud-Infrastructure-Serverless/README.md,140,ctop,https://ctop.sh/,ctop,merged,Merged by normalized canonical URL; provenance preserved
devopstools_final.md,1317,CUE,https://cuelang.org/,cue,kept,Canonical occurrence retained
10_Miscellaneous/README.md,68,CUE,https://cuelang.org/,cue,merged,Merged by normalized canonical URL; provenance preserved
devopstools_final.md,1079,Cursor,https://cursor.com/,cursor,kept,Canonical occurrence retained
7_Development-Collaboration/README.md,45,Cursor,https://cursor.com/,cursor,merged,Merged by normalized canonical URL; provenance preserved
devopstools_final.md,609,MOCO,https://cybozu-go.github.io/moco/,moco,kept,Canonical occurrence retained
4_Kubernetes-Containers/README.md,125,MOCO,https://cybozu-go.github.io/moco/,moco,merged,Merged by normalized canonical URL; provenance preserved
devopstools_final.md,854,CycloneDX,https://cyclonedx.org/,cyclonedx,kept,Canonical occurrence retained
devopstools_final.md,387,ArgoCD Diff Preview,https://dag-andersen.github.io/argocd-diff-preview/,argocd-diff-preview,kept,Canonical occurrence retained
3_CI-CD-Automation/README.md,138,ArgoCD Diff Preview,https://dag-andersen.github.io/argocd-diff-preview/,argocd-diff-preview,merged,Merged by normalized canonical URL; provenance preserved
devopstools_final.md,321,Dagger,https://dagger.io/,dagger,kept,Canonical occurrence retained
3_CI-CD-Automation/README.md,30,Dagger,https://dagger.io/,dagger,merged,Merged by normalized canonical URL; provenance preserved
devopstools_final.md,548,Dapr,https://dapr.io/,dapr,kept,Canonical occurrence retained
4_Kubernetes-Containers/README.md,83,Dapr,https://dapr.io/,dapr,merged,Merged by normalized canonical URL; provenance preserved
devopstools_final.md,657,DC/OS,https://dcos.io/,dc-os,kept,Canonical occurrence retained
devopstools_final.md,455,crust-gather,https://deepwiki.com/crust-gather/crust-gather,crust-gather,kept,Canonical occurrence retained
devopstools_final.md,1284,DEV Community #devops,https://dev.to/t/devops,dev-community-devops,kept,Canonical occurrence retained
devopstools_final.md,173,CDKTF,https://developer.hashicorp.com/terraform/cdktf,cdktf,archived,Official GitHub repository is archived; retained for historical and migration context.
2_Cloud-Infrastructure-Serverless/README.md,40,CDKTF,https://developer.hashicorp.com/terraform/cdktf,cdktf,merged,Merged by normalized canonical URL; provenance preserved
devopstools_final.md,224,Terraform Cloud,https://developer.hashicorp.com/terraform/enterprise/cloud-docs,terraform-cloud,kept,Canonical occurrence retained
2_Cloud-Infrastructure-Serverless/README.md,124,Terraform Cloud,https://developer.hashicorp.com/terraform/enterprise/cloud-docs,terraform-cloud,merged,Merged by normalized canonical URL; provenance preserved
devopstools_final.md,1140,Waypoint,https://developer.hashicorp.com/waypoint,waypoint,kept,Canonical occurrence retained
devopstools_final.md,126,DevOpsCube Kubernetes Tutorials (Beginners),https://devopscube.com/kubernetes-tutorials-beginners/,devopscube-kubernetes-tutorials-beginners,kept,Canonical occurrence retained
1_Foundational-Skills/README.md,46,DevOpsCube Kubernetes Tutorials (Beginners),https://devopscube.com/kubernetes-tutorials-beginners/,devopscube-kubernetes-tutorials-beginners,merged,Merged by normalized canonical URL; provenance preserved
devopstools_final.md,1059,DevPod,https://devpod.sh/,devpod,kept,Canonical occurrence retained
7_Development-Collaboration/README.md,33,DevPod,https://devpod.sh/,devpod,merged,Merged by normalized canonical URL; provenance preserved
devopstools_final.md,322,Devtron,https://devtron.ai/,devtron,kept,Canonical occurrence retained
devopstools_final.md,1001,Dex,https://dexidp.io/,dex,kept,Canonical occurrence retained
6_Security/README.md,110,Dex,https://dexidp.io/,dex,merged,Merged by normalized canonical URL; provenance preserved
devopstools_final.md,1097,Review Flow,https://dgouron.github.io/review-flow/,review-flow,kept,Canonical occurrence retained
7_Development-Collaboration/README.md,60,Review Flow,https://dgouron.github.io/review-flow/,review-flow,merged,Merged by normalized canonical URL; provenance preserved
devopstools_final.md,1235,Docker Agent,https://docker.github.io/docker-agent/,docker-agent,kept,Canonical occurrence retained
devopstools_final.md,457,Dockhand,https://dockhand.pro/,dockhand,kept,Canonical occurrence retained
4_Kubernetes-Containers/README.md,25,Dockhand,https://dockhand.pro/,dockhand,merged,Merged by normalized canonical URL; provenance preserved
devopstools_final.md,1116,Ruff,https://docs.astral.sh/ruff/,ruff,kept,Canonical occurrence retained
7_Development-Collaboration/README.md,76,Ruff,https://docs.astral.sh/ruff/,ruff,merged,Merged by normalized canonical URL; provenance preserved
devopstools_final.md,927,AWS Service Control Policies,https://docs.aws.amazon.com/organizations/latest/userguide/orgs_manage_policies_scps.html,aws-service-control-policies,kept,Canonical occurrence retained
6_Security/README.md,59,AWS Service Control Policies,https://docs.aws.amazon.com/organizations/latest/userguide/orgs_manage_policies_scps.html,aws-service-control-policies,merged,Merged by normalized canonical URL; provenance preserved
devopstools_final.md,940,Google Cloud Organization Policy,https://docs.cloud.google.com/resource-manager/docs/organization-policy/overview,google-cloud-organization-policy,kept,Canonical occurrence retained
6_Security/README.md,70,Google Cloud Organization Policy,https://docs.cloud.google.com/resource-manager/docs/organization-policy/overview,google-cloud-organization-policy,merged,Merged by normalized canonical URL; provenance preserved
devopstools_final.md,299,Cloudify,https://docs.cloudify.co/,cloudify,kept,Canonical occurrence retained
devopstools_final.md,352,Docker Build,https://docs.docker.com/build/,docker-build,kept,Canonical occurrence retained
3_CI-CD-Automation/README.md,80,Docker Build,https://docs.docker.com/build/,docker-build,merged,Merged by normalized canonical URL; provenance preserved
devopstools_final.md,349,BuildKit,https://docs.docker.com/build/buildkit/,buildkit,kept,Canonical occurrence retained
3_CI-CD-Automation/README.md,76,BuildKit,https://docs.docker.com/build/buildkit/,buildkit,merged,Merged by normalized canonical URL; provenance preserved
devopstools_final.md,658,Docker Swarm,https://docs.docker.com/engine/swarm/,docker-swarm,kept,Canonical occurrence retained
4_Kubernetes-Containers/README.md,156,Docker Swarm,https://docs.docker.com/engine/swarm/,docker-swarm,merged,Merged by normalized canonical URL; provenance preserved
devopstools_final.md,850,CodeQL,https://docs.github.com/en/code-security/concepts/code-scanning/codeql/about-code-scanning-with-codeql,codeql,kept,Canonical occurrence retained
6_Security/README.md,15,CodeQL,https://docs.github.com/en/code-security/concepts/code-scanning/codeql/about-code-scanning-with-codeql,codeql,merged,Merged by normalized canonical URL; provenance preserved
devopstools_final.md,325,GitLab CI,https://docs.gitlab.com/ee/ci/,gitlab-ci,kept,Canonical occurrence retained
3_CI-CD-Automation/README.md,36,GitLab CI,https://docs.gitlab.com/ee/ci/,gitlab-ci,merged,Merged by normalized canonical URL; provenance preserved
devopstools_final.md,1219,GitLab MCP Server,https://docs.gitlab.com/user/gitlab_duo/model_context_protocol/mcp_server/,gitlab-mcp-server,kept,Canonical occurrence retained
9_AI-MLOps/README.md,52,GitLab MCP Server,https://docs.gitlab.com/user/gitlab_duo/model_context_protocol/mcp_server/,gitlab-mcp-server,merged,Merged by normalized canonical URL; provenance preserved
devopstools_final.md,397,Weaveworks GitOps,https://docs.gitops.weaveworks.org/,weaveworks-gitops,kept,Canonical occurrence retained
3_CI-CD-Automation/README.md,154,Weaveworks GitOps,https://docs.gitops.weaveworks.org/,weaveworks-gitops,merged,Merged by normalized canonical URL; provenance preserved
devopstools_final.md,871,k0rdent,https://docs.k0rdent.io/latest/,k0rdent,kept,Canonical occurrence retained
6_Security/README.md,29,k0rdent,https://docs.k0rdent.io/latest/,k0rdent,merged,Merged by normalized canonical URL; provenance preserved
devopstools_final.md,588,Krateo OASGen Provider,https://docs.krateo.io/key-concepts/kog/oasgen-provider/,krateo-oasgen-provider,kept,Canonical occurrence retained
4_Kubernetes-Containers/README.md,112,Krateo OASGen Provider,https://docs.krateo.io/key-concepts/kog/oasgen-provider/,krateo-oasgen-provider,merged,Merged by normalized canonical URL; provenance preserved
devopstools_final.md,613,NGINX Ingress Controller,https://docs.nginx.com/nginx-ingress-controller/,nginx-ingress-controller,kept,Canonical occurrence retained
devopstools_final.md,1185,NVIDIA AI Cluster Runtime,https://docs.nvidia.com/aicr/overview/introduction,nvidia-ai-cluster-runtime,kept,Canonical occurrence retained
devopstools_final.md,200,Kolla-Ansible,https://docs.openstack.org/kolla-ansible/latest/,kolla-ansible,kept,Canonical occurrence retained
2_Cloud-Infrastructure-Serverless/README.md,80,Kolla-Ansible,https://docs.openstack.org/kolla-ansible/latest/,kolla-ansible,merged,Merged by normalized canonical URL; provenance preserved
devopstools_final.md,1333,Paperless-ngx,https://docs.paperless-ngx.com/,paperless-ngx,kept,Canonical occurrence retained
10_Miscellaneous/README.md,88,Paperless-ngx,https://docs.paperless-ngx.com/,paperless-ngx,merged,Merged by normalized canonical URL; provenance preserved
devopstools_final.md,1150,Port,https://docs.port.io/,port,kept,Canonical occurrence retained
7_Development-Collaboration/README.md,102,Port,https://docs.port.io/,port,merged,Merged by normalized canonical URL; provenance preserved
devopstools_final.md,889,Nuclei,https://docs.projectdiscovery.io/opensource/nuclei/overview,nuclei,kept,Canonical occurrence retained
6_Security/README.md,38,Nuclei,https://docs.projectdiscovery.io/opensource/nuclei/overview,nuclei,merged,Merged by normalized canonical URL; provenance preserved
devopstools_final.md,1037,pytest,https://docs.pytest.org/en/stable/,pytest,kept,Canonical occurrence retained
7_Development-Collaboration/README.md,15,pytest,https://docs.pytest.org/en/stable/,pytest,merged,Merged by normalized canonical URL; provenance preserved
devopstools_final.md,116,Python Official Tutorial,https://docs.python.org/3/tutorial/,python-official-tutorial,kept,Canonical occurrence retained
1_Foundational-Skills/README.md,37,Python Official Tutorial,https://docs.python.org/3/tutorial/,python-official-tutorial,merged,Merged by normalized canonical URL; provenance preserved
devopstools_final.md,444,RKE2,https://docs.rke2.io/,rke2,kept,Canonical occurrence retained
4_Kubernetes-Containers/README.md,15,RKE2,https://docs.rke2.io/,rke2,merged,Merged by normalized canonical URL; provenance preserved
devopstools_final.md,1338,SearXNG,https://docs.searxng.org/,searxng,kept,Canonical occurrence retained
10_Miscellaneous/README.md,96,SearXNG,https://docs.searxng.org/,searxng,merged,Merged by normalized canonical URL; provenance preserved
devopstools_final.md,1312,cosign (sigstore),https://docs.sigstore.dev/cosign/,cosign-sigstore,kept,Canonical occurrence retained
10_Miscellaneous/README.md,64,cosign (sigstore),https://docs.sigstore.dev/cosign/,cosign-sigstore,merged,Merged by normalized canonical URL; provenance preserved
devopstools_final.md,624,Reloader,https://docs.stakater.com/reloader/latest/,reloader,kept,Canonical occurrence retained
4_Kubernetes-Containers/README.md,131,Reloader,https://docs.stakater.com/reloader/latest/,reloader,merged,Merged by normalized canonical URL; provenance preserved
devopstools_final.md,920,Velociraptor,https://docs.velociraptor.app/,velociraptor,kept,Canonical occurrence retained
devopstools_final.md,1133,Dokku,https://dokku.com/,dokku,kept,Canonical occurrence retained
7_Development-Collaboration/README.md,90,Dokku,https://dokku.com/,dokku,merged,Merged by normalized canonical URL; provenance preserved
devopstools_final.md,551,dotnet-operator-sdk,https://dotnet.github.io/dotnet-operator-sdk/,dotnet-operator-sdk,kept,Canonical occurrence retained
4_Kubernetes-Containers/README.md,85,dotnet-operator-sdk,https://dotnet.github.io/dotnet-operator-sdk/,dotnet-operator-sdk,merged,Merged by normalized canonical URL; provenance preserved
devopstools_final.md,760,Dozzle,https://dozzle.dev/,dozzle,kept,Canonical occurrence retained
devopstools_final.md,859,Drata,https://drata.com/,drata,kept,Canonical occurrence retained
6_Security/README.md,23,Drata,https://drata.com/,drata,merged,Merged by normalized canonical URL; provenance preserved
devopstools_final.md,937,Duo Security,https://duo.com/,duo-security,kept,Canonical occurrence retained
6_Security/README.md,68,Duo Security,https://duo.com/,duo-security,merged,Merged by normalized canonical URL; provenance preserved
devopstools_final.md,1319,Duplicati,https://duplicati.com/,duplicati,kept,Canonical occurrence retained
devopstools_final.md,355,Earthly,https://earthly.dev/,earthly,kept,Canonical occurrence retained
3_CI-CD-Automation/README.md,86,Earthly,https://earthly.dev/,earthly,merged,Merged by normalized canonical URL; provenance preserved
devopstools_final.md,552,EasyMile PostgreSQL Operator,https://easymile.github.io/postgresql-operator/,easymile-postgresql-operator,kept,Canonical occurrence retained
4_Kubernetes-Containers/README.md,86,EasyMile PostgreSQL Operator,https://easymile.github.io/postgresql-operator/,easymile-postgresql-operator,merged,Merged by normalized canonical URL; provenance preserved
devopstools_final.md,1236,ecc.tools,https://ecc.tools/,ecc-tools,kept,Canonical occurrence retained
devopstools_final.md,1265,endoflife.date,https://endoflife.date/,endoflife-date,kept,Canonical occurrence retained
10_Miscellaneous/README.md,4,endoflife.date,https://endoflife.date/,endoflife-date,merged,Merged by normalized canonical URL; provenance preserved
devopstools_final.md,1321,Entire,https://entire.io/,entire,kept,Canonical occurrence retained
10_Miscellaneous/README.md,70,Entire,https://entire.io/,entire,merged,Merged by normalized canonical URL; provenance preserved
devopstools_final.md,1111,ESLint,https://eslint.org/,eslint,kept,Canonical occurrence retained
devopstools_final.md,279,etcd,https://etcd.io/,etcd,kept,Canonical occurrence retained
devopstools_final.md,198,etckeeper,https://etckeeper.branchable.com/,etckeeper,kept,Canonical occurrence retained
2_Cloud-Infrastructure-Serverless/README.md,76,etckeeper,https://etckeeper.branchable.com/,etckeeper,merged,Merged by normalized canonical URL; provenance preserved
devopstools_final.md,113,Exercism,https://exercism.org/,exercism,kept,Canonical occurrence retained
1_Foundational-Skills/README.md,34,Exercism,https://exercism.org/,exercism,merged,Merged by normalized canonical URL; provenance preserved
devopstools_final.md,553,External Secrets Operator,https://external-secrets.io/,external-secrets-operator,kept,Canonical occurrence retained
devopstools_final.md,977,External Secrets,https://external-secrets.io/,external-secrets-operator,merged,Merged by normalized canonical URL; provenance preserved
4_Kubernetes-Containers/README.md,87,External Secrets Operator,https://external-secrets.io/,external-secrets-operator,merged,Merged by normalized canonical URL; provenance preserved
6_Security/README.md,90,External Secrets,https://external-secrets.io/,external-secrets-operator,merged,Merged by normalized canonical URL; provenance preserved
devopstools_final.md,556,Falco,https://falco.org/,falco,kept,Canonical occurrence retained
devopstools_final.md,861,Falco,https://falco.org/,falco,merged,Merged by normalized canonical URL; provenance preserved
4_Kubernetes-Containers/README.md,88,Falco,https://falco.org/,falco,merged,Merged by normalized canonical URL; provenance preserved
6_Security/README.md,25,Falco,https://falco.org/,falco,merged,Merged by normalized canonical URL; provenance preserved
devopstools_final.md,862,Filigran,https://filigran.io/,filigran,kept,Canonical occurrence retained
devopstools_final.md,1052,Firebase Test Lab,https://firebase.google.com/products/test-lab,firebase-test-lab,kept,Canonical occurrence retained
7_Development-Collaboration/README.md,28,Firebase Test Lab,https://firebase.google.com/products/test-lab,firebase-test-lab,merged,Merged by normalized canonical URL; provenance preserved
devopstools_final.md,240,Firecracker,https://firecracker-microvm.github.io/,firecracker,kept,Canonical occurrence retained
2_Cloud-Infrastructure-Serverless/README.md,150,Firecracker,https://firecracker-microvm.github.io/,firecracker,merged,Merged by normalized canonical URL; provenance preserved
devopstools_final.md,939,firewalld,https://firewalld.org/,firewalld,kept,Canonical occurrence retained
6_Security/README.md,69,firewalld,https://firewalld.org/,firewalld,merged,Merged by normalized canonical URL; provenance preserved
devopstools_final.md,1033,FitNesse,https://fitnesse.org/,fitnesse,kept,Canonical occurrence retained
7_Development-Collaboration/README.md,11,FitNesse,https://fitnesse.org/,fitnesse,merged,Merged by normalized canonical URL; provenance preserved
devopstools_final.md,108,Flathub,https://flathub.org/,flathub,kept,Canonical occurrence retained
1_Foundational-Skills/README.md,29,Flathub,https://flathub.org/,flathub,merged,Merged by normalized canonical URL; provenance preserved
devopstools_final.md,109,Flatpak,https://flatpak.org/,flatpak,kept,Canonical occurrence retained
1_Foundational-Skills/README.md,30,Flatpak,https://flatpak.org/,flatpak,merged,Merged by normalized canonical URL; provenance preserved
devopstools_final.md,1060,Floci,https://floci.io/floci/,floci,kept,Canonical occurrence retained
devopstools_final.md,762,Fluent Bit,https://fluentbit.io/,fluent-bit,kept,Canonical occurrence retained
5_Monitoring-Observability/README.md,55,Fluent Bit,https://fluentbit.io/,fluent-bit,merged,Merged by normalized canonical URL; provenance preserved
devopstools_final.md,396,Tofu Controller,https://flux-iac.github.io/tofu-controller/,tofu-controller,kept,Canonical occurrence retained
devopstools_final.md,392,flux9s,https://flux9s.ca/,flux9s,kept,Canonical occurrence retained
devopstools_final.md,390,Flux,https://fluxcd.io/,flux,kept,Canonical occurrence retained
3_CI-CD-Automation/README.md,144,Flux,https://fluxcd.io/,flux,merged,Merged by normalized canonical URL; provenance preserved
devopstools_final.md,391,Flux Operator,https://fluxoperator.dev/,flux-operator,kept,Canonical occurrence retained
3_CI-CD-Automation/README.md,146,Flux Operator,https://fluxoperator.dev/,flux-operator,merged,Merged by normalized canonical URL; provenance preserved
devopstools_final.md,863,FOSSA,https://fossa.com/,fossa,kept,Canonical occurrence retained
devopstools_final.md,461,FreeLens,https://freelensapp.github.io/,freelens,kept,Canonical occurrence retained
4_Kubernetes-Containers/README.md,27,FreeLens,https://freelensapp.github.io/,freelens,merged,Merged by normalized canonical URL; provenance preserved
devopstools_final.md,241,FuturFusion,https://futurfusion.io/,futurfusion,kept,Canonical occurrence retained
devopstools_final.md,281,Garage,https://garagehq.deuxfleurs.fr/,garage,kept,Canonical occurrence retained
2_Cloud-Infrastructure-Serverless/README.md,206,Garage,https://garagehq.deuxfleurs.fr/,garage,merged,Merged by normalized canonical URL; provenance preserved
devopstools_final.md,1145,Garden,https://garden.io/,garden,kept,Canonical occurrence retained
7_Development-Collaboration/README.md,99,Garden,https://garden.io/,garden,merged,Merged by normalized canonical URL; provenance preserved
devopstools_final.md,433,Gateway API,https://gateway-api.sigs.k8s.io/,gateway-api,kept,Canonical occurrence retained
4_Kubernetes-Containers/README.md,5,Gateway API,https://gateway-api.sigs.k8s.io/,gateway-api,merged,Merged by normalized canonical URL; provenance preserved
devopstools_final.md,555,Envoy Gateway,https://gateway.envoyproxy.io/,envoy-gateway,kept,Canonical occurrence retained
devopstools_final.md,704,Gatus,https://gatus.io/,gatus,kept,Canonical occurrence retained
devopstools_final.md,1303,Akka.NET,https://getakka.net/,akka-net,kept,Canonical occurrence retained
10_Miscellaneous/README.md,50,Akka.NET,https://getakka.net/,akka-net,merged,Merged by normalized canonical URL; provenance preserved
devopstools_final.md,406,Plumber,https://getplumber.io/,plumber,kept,Canonical occurrence retained
3_CI-CD-Automation/README.md,168,Plumber,https://getplumber.io/,plumber,merged,Merged by normalized canonical URL; provenance preserved
devopstools_final.md,522,Seabird,https://getseabird.github.io/,seabird,kept,Canonical occurrence retained
devopstools_final.md,983,SOPS,https://getsops.io/,sops,kept,Canonical occurrence retained
6_Security/README.md,94,SOPS,https://getsops.io/,sops,merged,Merged by normalized canonical URL; provenance preserved
devopstools_final.md,1062,Ghostty,https://ghostty.org/,ghostty,kept,Canonical occurrence retained
devopstools_final.md,83,Git,https://git-scm.com/,git,kept,Canonical occurrence retained
1_Foundational-Skills/README.md,5,Git,https://git-scm.com/,git,merged,Merged by normalized canonical URL; provenance preserved
devopstools_final.md,85,GitHub,https://github.com/,github,kept,Canonical occurrence retained
1_Foundational-Skills/README.md,7,GitHub,https://github.com/,github,merged,Merged by normalized canonical URL; provenance preserved
devopstools_final.md,838,Awesome WAF,https://github.com/0xInfection/Awesome-WAF,awesome-waf,kept,Canonical occurrence retained
6_Security/README.md,7,Awesome WAF,https://github.com/0xInfection/Awesome-WAF,awesome-waf,merged,Merged by normalized canonical URL; provenance preserved
devopstools_final.md,815,dnsglobe,https://github.com/514-labs/dnsglobe,dnsglobe,kept,Canonical occurrence retained
devopstools_final.md,1348,YamlQL,https://github.com/AKSarav/YamlQL,yamlql,kept,Canonical occurrence retained
10_Miscellaneous/README.md,114,YamlQL,https://github.com/AKSarav/YamlQL,yamlql,merged,Merged by normalized canonical URL; provenance preserved
devopstools_final.md,273,Volare,https://github.com/AdamShannag/volare,volare,kept,Canonical occurrence retained
2_Cloud-Infrastructure-Serverless/README.md,196,Volare,https://github.com/AdamShannag/volare,volare,merged,Merged by normalized canonical URL; provenance preserved
devopstools_final.md,1204,llmfit,https://github.com/AlexsJones/llmfit,llmfit,kept,Canonical occurrence retained
devopstools_final.md,168,AzureNamingTool,https://github.com/Azure/AzureNamingTool,azurenamingtool,kept,Canonical occurrence retained
devopstools_final.md,211,Azure Functions Host,https://github.com/Azure/azure-functions-host,azure-functions-host,kept,Canonical occurrence retained
2_Cloud-Infrastructure-Serverless/README.md,100,Azure Functions Host,https://github.com/Azure/azure-functions-host,azure-functions-host,merged,Merged by normalized canonical URL; provenance preserved
devopstools_final.md,733,Kwatcher,https://github.com/Berg-it/Kwatcher,kwatcher,kept,Canonical occurrence retained
5_Monitoring-Observability/README.md,32,Kwatcher,https://github.com/Berg-it/Kwatcher,kwatcher,merged,Merged by normalized canonical URL; provenance preserved
devopstools_final.md,141,stress-ng,https://github.com/ColinIanKing/stress-ng,stress-ng,kept,Canonical occurrence retained
1_Foundational-Skills/README.md,60,stress-ng,https://github.com/ColinIanKing/stress-ng,stress-ng,merged,Merged by normalized canonical URL; provenance preserved
devopstools_final.md,898,PenTest Toolkit Pro,https://github.com/Cyber-Autopsie/PenTest-Toolkit-Pro,pentest-toolkit-pro,kept,Canonical occurrence retained
devopstools_final.md,482,KubePlumber,https://github.com/David-VTUK/KubePlumber,kubeplumber,kept,Canonical occurrence retained
devopstools_final.md,1114,markdownlint,https://github.com/DavidAnson/markdownlint,markdownlint,kept,Canonical occurrence retained
7_Development-Collaboration/README.md,74,markdownlint,https://github.com/DavidAnson/markdownlint,markdownlint,merged,Merged by normalized canonical URL; provenance preserved
devopstools_final.md,1222,codebase-memory-mcp,https://github.com/DeusData/codebase-memory-mcp,codebase-memory-mcp,kept,Canonical occurrence retained
devopstools_final.md,724,Goldilocks,https://github.com/FairwindsOps/goldilocks,goldilocks,kept,Canonical occurrence retained
4_Kubernetes-Containers/README.md,28,Goldilocks,https://github.com/FairwindsOps/goldilocks,goldilocks,merged,Merged by normalized canonical URL; provenance preserved
devopstools_final.md,994,mkcert,https://github.com/FiloSottile/mkcert,mkcert,kept,Canonical occurrence retained
6_Security/README.md,104,mkcert,https://github.com/FiloSottile/mkcert,mkcert,merged,Merged by normalized canonical URL; provenance preserved
devopstools_final.md,1237,fulling,https://github.com/FullAgent/fulling,fulling,kept,Canonical occurrence retained
devopstools_final.md,474,KHI (Kubernetes History Inspector),https://github.com/GoogleCloudPlatform/khi?tab=readme-ov-file,khi-kubernetes-history-inspector,kept,Canonical occurrence retained
4_Kubernetes-Containers/README.md,33,KHI (Kubernetes History Inspector),https://github.com/GoogleCloudPlatform/khi?tab=readme-ov-file,khi-kubernetes-history-inspector,merged,Merged by normalized canonical URL; provenance preserved
devopstools_final.md,493,kubectl-ai,https://github.com/GoogleCloudPlatform/kubectl-ai,kubectl-ai,kept,Canonical occurrence retained
4_Kubernetes-Containers/README.md,43,kubectl-ai,https://github.com/GoogleCloudPlatform/kubectl-ai,kubectl-ai,merged,Merged by normalized canonical URL; provenance preserved
devopstools_final.md,351,Distroless,https://github.com/GoogleContainerTools/distroless,distroless,kept,Canonical occurrence retained
3_CI-CD-Automation/README.md,78,Distroless,https://github.com/GoogleContainerTools/distroless,distroless,merged,Merged by normalized canonical URL; provenance preserved
devopstools_final.md,357,Kaniko,https://github.com/GoogleContainerTools/kaniko,kaniko,archived,Official GitHub repository is archived; retained for historical and migration context.
3_CI-CD-Automation/README.md,90,Kaniko,https://github.com/GoogleContainerTools/kaniko,kaniko,merged,Merged by normalized canonical URL; provenance preserved
devopstools_final.md,1309,Clone-Wars,https://github.com/GorvGoyl/Clone-Wars,clone-wars,kept,Canonical occurrence retained
10_Miscellaneous/README.md,60,Clone-Wars,https://github.com/GorvGoyl/Clone-Wars,clone-wars,merged,Merged by normalized canonical URL; provenance preserved
devopstools_final.md,1342,sshm,https://github.com/Gu1llaum-3/sshm,sshm,kept,Canonical occurrence retained
10_Miscellaneous/README.md,104,sshm,https://github.com/Gu1llaum-3/sshm,sshm,merged,Merged by normalized canonical URL; provenance preserved
devopstools_final.md,953,Gibson,https://github.com/HackingLZ/gibson,gibson,kept,Canonical occurrence retained
devopstools_final.md,96,HariSekhon/DevOps-Bash-tools,https://github.com/HariSekhon/DevOps-Bash-tools,harisekhon-devops-bash-tools,kept,Canonical occurrence retained
devopstools_final.md,942,k-guard,https://github.com/KamouloxPelvis/k-guard,k-guard,kept,Canonical occurrence retained
devopstools_final.md,1339,Shannon,https://github.com/KeygraphHQ/shannon/,shannon,kept,Canonical occurrence retained
10_Miscellaneous/README.md,98,Shannon,https://github.com/KeygraphHQ/shannon/,shannon,merged,Merged by normalized canonical URL; provenance preserved
devopstools_final.md,650,k8squest,https://github.com/Manoj-engineer/k8squest,k8squest,kept,Canonical occurrence retained
devopstools_final.md,518,OpenLens,https://github.com/MuhammedKalkan/OpenLens,openlens,kept,Canonical occurrence retained
4_Kubernetes-Containers/README.md,63,OpenLens,https://github.com/MuhammedKalkan/OpenLens,openlens,merged,Merged by normalized canonical URL; provenance preserved
devopstools_final.md,910,SkillSpector,https://github.com/NVIDIA/SkillSpector,skillspector,kept,Canonical occurrence retained
devopstools_final.md,934,copy-fail-destroyer,https://github.com/NorskHelsenett/copy-fail-destroyer,copy-fail-destroyer,kept,Canonical occurrence retained
devopstools_final.md,835,Arsenal,https://github.com/Orange-Cyberdefense/arsenal,arsenal,kept,Canonical occurrence retained
6_Security/README.md,4,Arsenal,https://github.com/Orange-Cyberdefense/arsenal,arsenal,merged,Merged by normalized canonical URL; provenance preserved
devopstools_final.md,1231,Agent Reach,https://github.com/Panniantong/Agent-Reach,agent-reach,kept,Canonical occurrence retained
devopstools_final.md,1229,agentsmith,https://github.com/PromptPartner/agentsmith,agentsmith,kept,Canonical occurrence retained
devopstools_final.md,1126,QuantumByte,https://github.com/QuantumByteOSS/quantumbyte,quantumbyte,kept,Canonical occurrence retained
devopstools_final.md,144,strace-tui,https://github.com/Rodrigodd/strace-tui,strace-tui,kept,Canonical occurrence retained
devopstools_final.md,828,Server Pulse,https://github.com/Server-Pulse/server-pulse,server-pulse,kept,Canonical occurrence retained
devopstools_final.md,1174,Toxiproxy,https://github.com/Shopify/toxiproxy,toxiproxy,kept,Canonical occurrence retained
8_Chaos-Engineering/README.md,28,Toxiproxy,https://github.com/Shopify/toxiproxy,toxiproxy,merged,Merged by normalized canonical URL; provenance preserved
devopstools_final.md,938,docker-socket-proxy,https://github.com/Tecnativa/docker-socket-proxy,docker-socket-proxy,kept,Canonical occurrence retained
devopstools_final.md,646,kubeCodex,https://github.com/TheCodingSheikh/kubecodex,kubecodex,kept,Canonical occurrence retained
4_Kubernetes-Containers/README.md,149,kubeCodex,https://github.com/TheCodingSheikh/kubecodex,kubecodex,merged,Merged by normalized canonical URL; provenance preserved
devopstools_final.md,917,Touti-Cracker,https://github.com/Touti-Sudo/Touti-Cracker,touti-cracker,kept,Canonical occurrence retained
6_Security/README.md,53,Touti-Cracker,https://github.com/Touti-Sudo/Touti-Cracker,touti-cracker,merged,Merged by normalized canonical URL; provenance preserved
devopstools_final.md,1233,awesome-codex-subagents,https://github.com/VoltAgent/awesome-codex-subagents,awesome-codex-subagents,kept,Canonical occurrence retained
devopstools_final.md,1199,Flawless,https://github.com/William-Lu-stack/Flawless,flawless,kept,Canonical occurrence retained
devopstools_final.md,857,detect-secrets,https://github.com/Yelp/detect-secrets,detect-secrets,kept,Canonical occurrence retained
6_Security/README.md,21,detect-secrets,https://github.com/Yelp/detect-secrets,detect-secrets,merged,Merged by normalized canonical URL; provenance preserved
devopstools_final.md,528,Actions Runner Controller,https://github.com/actions/actions-runner-controller,actions-runner-controller,kept,Canonical occurrence retained
4_Kubernetes-Containers/README.md,68,Actions Runner Controller,https://github.com/actions/actions-runner-controller,actions-runner-controller,merged,Merged by normalized canonical URL; provenance preserved
devopstools_final.md,1232,agent-skills,https://github.com/addyosmani/agent-skills,agent-skills,kept,Canonical occurrence retained
devopstools_final.md,876,Kps-zeroexposure,https://github.com/adrghph/kps-zeroexposure,kps-zeroexposure,kept,Canonical occurrence retained
6_Security/README.md,31,Kps-zeroexposure,https://github.com/adrghph/kps-zeroexposure,kps-zeroexposure,merged,Merged by normalized canonical URL; provenance preserved
devopstools_final.md,1118,yamllint,https://github.com/adrienverge/yamllint,yamllint,kept,Canonical occurrence retained
7_Development-Collaboration/README.md,78,yamllint,https://github.com/adrienverge/yamllint,yamllint,merged,Merged by normalized canonical URL; provenance preserved
devopstools_final.md,498,kubectx + kubens,https://github.com/ahmetb/kubectx,kubectx-kubens,kept,Canonical occurrence retained
4_Kubernetes-Containers/README.md,48,kubectx + kubens,https://github.com/ahmetb/kubectx,kubectx-kubens,merged,Merged by normalized canonical URL; provenance preserved
devopstools_final.md,725,grove,https://github.com/ai-dynamo/grove,grove,kept,Canonical occurrence retained
5_Monitoring-Observability/README.md,27,grove,https://github.com/ai-dynamo/grove,grove,merged,Merged by normalized canonical URL; provenance preserved
devopstools_final.md,1173,Pumba,https://github.com/alexei-led/pumba,pumba,kept,Canonical occurrence retained
devopstools_final.md,895,OSSIM,https://github.com/alienfault/ossim,ossim,kept,Canonical occurrence retained
devopstools_final.md,868,Grype,https://github.com/anchore/grype,grype,kept,Canonical occurrence retained
6_Security/README.md,28,Grype,https://github.com/anchore/grype,grype,merged,Merged by normalized canonical URL; provenance preserved
devopstools_final.md,914,Syft,https://github.com/anchore/syft,syft,kept,Canonical occurrence retained
6_Security/README.md,50,Syft,https://github.com/anchore/syft,syft,merged,Merged by normalized canonical URL; provenance preserved
devopstools_final.md,1247,terraform-skill,https://github.com/antonbabenko/terraform-skill,terraform-skill,kept,Canonical occurrence retained
devopstools_final.md,1290,Mini-classes Ansible Public,https://github.com/apille-pro/miniclasses_ansible_public,mini-classes-ansible-public,kept,Canonical occurrence retained
devopstools_final.md,846,Chain Bench,https://github.com/aquasecurity/chain-bench,chain-bench,kept,Canonical occurrence retained
6_Security/README.md,12,Chain Bench,https://github.com/aquasecurity/chain-bench,chain-bench,merged,Merged by normalized canonical URL; provenance preserved
devopstools_final.md,625,restart-operator,https://github.com/archsyscall/restart-operator,restart-operator,kept,Canonical occurrence retained
devopstools_final.md,1170,Kube Monkey,https://github.com/asobti/kube-monkey,kube-monkey,kept,Canonical occurrence retained
8_Chaos-Engineering/README.md,22,Kube Monkey,https://github.com/asobti/kube-monkey,kube-monkey,merged,Merged by normalized canonical URL; provenance preserved
devopstools_final.md,532,AWS ACK RDS Controller,https://github.com/aws-controllers-k8s/rds-controller,aws-ack-rds-controller,kept,Canonical occurrence retained
4_Kubernetes-Containers/README.md,71,AWS ACK RDS Controller,https://github.com/aws-controllers-k8s/rds-controller,aws-ack-rds-controller,merged,Merged by normalized canonical URL; provenance preserved
devopstools_final.md,458,EKS Node Viewer,https://github.com/awslabs/eks-node-viewer,eks-node-viewer,kept,Canonical occurrence retained
4_Kubernetes-Containers/README.md,26,EKS Node Viewer,https://github.com/awslabs/eks-node-viewer,eks-node-viewer,merged,Merged by normalized canonical URL; provenance preserved
devopstools_final.md,512,KubeView,https://github.com/benc-uk/kubeview,kubeview,kept,Canonical occurrence retained
4_Kubernetes-Containers/README.md,58,KubeView,https://github.com/benc-uk/kubeview,kubeview,merged,Merged by normalized canonical URL; provenance preserved
devopstools_final.md,465,k10ls,https://github.com/besrabasant/k10ls,k10ls,kept,Canonical occurrence retained
devopstools_final.md,1012,webssh,https://github.com/bifrost0x/webssh,webssh,kept,Canonical occurrence retained
devopstools_final.md,626,Sealed Secrets,https://github.com/bitnami-labs/sealed-secrets,sealed-secrets,kept,Canonical occurrence retained
4_Kubernetes-Containers/README.md,132,Sealed Secrets,https://github.com/bitnami-labs/sealed-secrets,sealed-secrets,merged,Merged by normalized canonical URL; provenance preserved
devopstools_final.md,127,DevOps Exercises,https://github.com/bregman-arie/devops-exercises,devops-exercises,kept,Canonical occurrence retained
1_Foundational-Skills/README.md,47,DevOps Exercises,https://github.com/bregman-arie/devops-exercises,devops-exercises,merged,Merged by normalized canonical URL; provenance preserved
devopstools_final.md,1281,DevOps Resources,https://github.com/bregman-arie/devops-resources,devops-resources,kept,Canonical occurrence retained
10_Miscellaneous/README.md,28,DevOps Resources,https://github.com/bregman-arie/devops-resources,devops-resources,merged,Merged by normalized canonical URL; provenance preserved
devopstools_final.md,350,cek,https://github.com/bschaatsbergen/cek,cek,kept,Canonical occurrence retained
devopstools_final.md,642,Awesome Kubernetes Operator Resources,https://github.com/calvin-puram/awesome-kubernetes-operator-resources,awesome-kubernetes-operator-resources,kept,Canonical occurrence retained
4_Kubernetes-Containers/README.md,145,Awesome Kubernetes Operator Resources,https://github.com/calvin-puram/awesome-kubernetes-operator-resources,awesome-kubernetes-operator-resources,merged,Merged by normalized canonical URL; provenance preserved
devopstools_final.md,494,kubectl-browse-pvc,https://github.com/clbx/kubectl-browse-pvc,kubectl-browse-pvc,kept,Canonical occurrence retained
4_Kubernetes-Containers/README.md,44,kubectl-browse-pvc,https://github.com/clbx/kubectl-browse-pvc,kubectl-browse-pvc,merged,Merged by normalized canonical URL; provenance preserved
devopstools_final.md,905,Securix,https://github.com/cloud-gouv/securix,securix,kept,Canonical occurrence retained
devopstools_final.md,255,nerdctl,https://github.com/containerd/nerdctl,nerdctl,kept,Canonical occurrence retained
2_Cloud-Infrastructure-Serverless/README.md,168,nerdctl,https://github.com/containerd/nerdctl,nerdctl,merged,Merged by normalized canonical URL; provenance preserved
devopstools_final.md,1221,Kubernetes MCP Server,https://github.com/containers/kubernetes-mcp-server,kubernetes-mcp-server,kept,Canonical occurrence retained
devopstools_final.md,363,Skopeo,https://github.com/containers/skopeo,skopeo,kept,Canonical occurrence retained
devopstools_final.md,550,crossview,https://github.com/crossplane-contrib/crossview,crossview,kept,Canonical occurrence retained
devopstools_final.md,639,zeropod,https://github.com/ctrox/zeropod,zeropod,kept,Canonical occurrence retained
devopstools_final.md,883,MFASweep,https://github.com/dafthack/MFASweep,mfasweep,kept,Canonical occurrence retained
devopstools_final.md,568,helm-diff,https://github.com/databus23/helm-diff,helm-diff,kept,Canonical occurrence retained
4_Kubernetes-Containers/README.md,96,helm-diff,https://github.com/databus23/helm-diff,helm-diff,merged,Merged by normalized canonical URL; provenance preserved
devopstools_final.md,837,Awesome DevSecOps,https://github.com/devsecops/awesome-devsecops,awesome-devsecops,kept,Canonical occurrence retained
6_Security/README.md,6,Awesome DevSecOps,https://github.com/devsecops/awesome-devsecops,awesome-devsecops,merged,Merged by normalized canonical URL; provenance preserved
devopstools_final.md,540,Cluster Bare Autoscaler,https://github.com/docent-net/cluster-bare-autoscaler,cluster-bare-autoscaler,kept,Canonical occurrence retained
devopstools_final.md,353,Docker Buildx,https://github.com/docker/buildx,docker-buildx,kept,Canonical occurrence retained
3_CI-CD-Automation/README.md,82,Docker Buildx,https://github.com/docker/buildx,docker-buildx,merged,Merged by normalized canonical URL; provenance preserved
devopstools_final.md,1217,Docker MCP Gateway,https://github.com/docker/mcp-gateway,docker-mcp-gateway,kept,Canonical occurrence retained
devopstools_final.md,238,Dockur macOS,https://github.com/dockur/macos,dockur-macos,kept,Canonical occurrence retained
2_Cloud-Infrastructure-Serverless/README.md,146,Dockur macOS,https://github.com/dockur/macos,dockur-macos,merged,Merged by normalized canonical URL; provenance preserved
devopstools_final.md,239,Dockur Windows,https://github.com/dockur/windows,dockur-windows,kept,Canonical occurrence retained
2_Cloud-Infrastructure-Serverless/README.md,148,Dockur Windows,https://github.com/dockur/windows,dockur-windows,merged,Merged by normalized canonical URL; provenance preserved
devopstools_final.md,472,k9sight,https://github.com/doganarif/k9sight,k9sight,kept,Canonical occurrence retained
devopstools_final.md,787,Azure Orphan Resources,https://github.com/dolevshor/azure-orphan-resources,azure-orphan-resources,kept,Canonical occurrence retained
5_Monitoring-Observability/README.md,78,Azure Orphan Resources,https://github.com/dolevshor/azure-orphan-resources,azure-orphan-resources,merged,Merged by normalized canonical URL; provenance preserved
devopstools_final.md,827,RustNet,https://github.com/domcyrus/rustnet,rustnet,kept,Canonical occurrence retained
devopstools_final.md,740,cardamon,https://github.com/dominikhei/cardamon,cardamon,kept,Canonical occurrence retained
devopstools_final.md,264,proxmox-optimizer,https://github.com/dtouzeau/proxmox-optimizer,proxmox-optimizer,kept,Canonical occurrence retained
2_Cloud-Infrastructure-Serverless/README.md,180,proxmox-optimizer,https://github.com/dtouzeau/proxmox-optimizer,proxmox-optimizer,merged,Merged by normalized canonical URL; provenance preserved
devopstools_final.md,1340,Snip,https://github.com/edouard-claude/snip,snip,kept,Canonical occurrence retained
10_Miscellaneous/README.md,100,Snip,https://github.com/edouard-claude/snip,snip,merged,Merged by normalized canonical URL; provenance preserved
devopstools_final.md,416,Godcoder,https://github.com/eli-labz/Godcoder,godcoder,kept,Canonical occurrence retained
devopstools_final.md,1252,Evidently,https://github.com/evidentlyai/evidently,evidently,kept,Canonical occurrence retained
devopstools_final.md,952,fail2ban,https://github.com/fail2ban/fail2ban,fail2ban,kept,Canonical occurrence retained
6_Security/README.md,79,fail2ban,https://github.com/fail2ban/fail2ban,fail2ban,merged,Merged by normalized canonical URL; provenance preserved
devopstools_final.md,324,GitHub Actions,https://github.com/features/actions,github-actions,kept,Canonical occurrence retained
3_CI-CD-Automation/README.md,34,GitHub Actions,https://github.com/features/actions,github-actions,merged,Merged by normalized canonical URL; provenance preserved
devopstools_final.md,1061,GitHub Codespaces,https://github.com/features/codespaces,github-codespaces,kept,Canonical occurrence retained
7_Development-Collaboration/README.md,34,GitHub Codespaces,https://github.com/features/codespaces,github-codespaces,merged,Merged by normalized canonical URL; provenance preserved
devopstools_final.md,1200,GitHub Copilot,https://github.com/features/copilot,github-copilot,kept,Canonical occurrence retained
9_AI-MLOps/README.md,24,GitHub Copilot,https://github.com/features/copilot,github-copilot,merged,Merged by normalized canonical URL; provenance preserved
devopstools_final.md,1203,Kube Copilot,https://github.com/feiskyer/kube-copilot,kube-copilot,kept,Canonical occurrence retained
9_AI-MLOps/README.md,30,Kube Copilot,https://github.com/feiskyer/kube-copilot,kube-copilot,merged,Merged by normalized canonical URL; provenance preserved
devopstools_final.md,557,flannel,https://github.com/flannel-io/flannel,flannel,kept,Canonical occurrence retained
devopstools_final.md,1169,Chaos Room,https://github.com/fpaparoni/chaos-room,chaos-room,kept,Canonical occurrence retained
8_Chaos-Engineering/README.md,20,Chaos Room,https://github.com/fpaparoni/chaos-room,chaos-room,merged,Merged by normalized canonical URL; provenance preserved
devopstools_final.md,1238,genai-agentos,https://github.com/genai-works-org/genai-agentos,genai-agentos,kept,Canonical occurrence retained
9_AI-MLOps/README.md,60,genai-agentos,https://github.com/genai-works-org/genai-agentos,genai-agentos,merged,Merged by normalized canonical URL; provenance preserved
devopstools_final.md,188,terraform-aws-eks-operation-scheduler,https://github.com/gianniskt/terraform-aws-eks-operation-scheduler,terraform-aws-eks-operation-scheduler,kept,Canonical occurrence retained
devopstools_final.md,1218,GitHub MCP Server,https://github.com/github/github-mcp-server,github-mcp-server,kept,Canonical occurrence retained
9_AI-MLOps/README.md,50,GitHub MCP Server,https://github.com/github/github-mcp-server,github-mcp-server,merged,Merged by normalized canonical URL; provenance preserved
devopstools_final.md,423,Spec Kit,https://github.com/github/spec-kit,spec-kit,kept,Canonical occurrence retained
devopstools_final.md,393,GitOps Bridge,https://github.com/gitops-bridge-dev/gitops-bridge,gitops-bridge,kept,Canonical occurrence retained
3_CI-CD-Automation/README.md,148,GitOps Bridge,https://github.com/gitops-bridge-dev/gitops-bridge,gitops-bridge,merged,Merged by normalized canonical URL; provenance preserved
devopstools_final.md,723,cAdvisor,https://github.com/google/cadvisor,cadvisor,kept,Canonical occurrence retained
devopstools_final.md,1220,Grafana MCP,https://github.com/grafana/mcp-grafana,grafana-mcp,kept,Canonical occurrence retained
9_AI-MLOps/README.md,54,Grafana MCP,https://github.com/grafana/mcp-grafana,grafana-mcp,merged,Merged by normalized canonical URL; provenance preserved
devopstools_final.md,869,Guardon,https://github.com/guardon-dev/guardon,guardon,kept,Canonical occurrence retained
devopstools_final.md,1113,Hadolint,https://github.com/hadolint/hadolint,hadolint,kept,Canonical occurrence retained
7_Development-Collaboration/README.md,73,Hadolint,https://github.com/hadolint/hadolint,hadolint,merged,Merged by normalized canonical URL; provenance preserved
devopstools_final.md,1226,Terraform MCP Server,https://github.com/hashicorp/terraform-mcp-server,terraform-mcp-server,kept,Canonical occurrence retained
devopstools_final.md,186,terraform-plugin-docs,https://github.com/hashicorp/terraform-plugin-docs,terraform-plugin-docs,kept,Canonical occurrence retained
devopstools_final.md,481,kuba,https://github.com/hcgatewood/kuba,kuba,kept,Canonical occurrence retained
devopstools_final.md,562,Headlamp Plugins,https://github.com/headlamp-k8s/plugins,headlamp-plugins,kept,Canonical occurrence retained
devopstools_final.md,572,helm-unittest,https://github.com/helm-unittest/helm-unittest,helm-unittest,kept,Canonical occurrence retained
4_Kubernetes-Containers/README.md,100,helm-unittest,https://github.com/helm-unittest/helm-unittest,helm-unittest,merged,Merged by normalized canonical URL; provenance preserved
devopstools_final.md,570,helm-mapkubeapis,https://github.com/helm/helm-mapkubeapis,helm-mapkubeapis,kept,Canonical occurrence retained
4_Kubernetes-Containers/README.md,98,helm-mapkubeapis,https://github.com/helm/helm-mapkubeapis,helm-mapkubeapis,merged,Merged by normalized canonical URL; provenance preserved
devopstools_final.md,131,Kubernetes de A à Z,https://github.com/ibrahimbakayoko/kubernetes-de-a-z,kubernetes-de-a-z,kept,Canonical occurrence retained
1_Foundational-Skills/README.md,51,Kubernetes de A à Z,https://github.com/ibrahimbakayoko/kubernetes-de-a-z,kubernetes-de-a-z,merged,Merged by normalized canonical URL; provenance preserved
devopstools_final.md,520,lfk,https://github.com/janosmiko/lfk,lfk,kept,Canonical occurrence retained
devopstools_final.md,249,Lazydocker,https://github.com/jesseduffield/lazydocker,lazydocker,kept,Canonical occurrence retained
2_Cloud-Infrastructure-Serverless/README.md,158,Lazydocker,https://github.com/jesseduffield/lazydocker,lazydocker,merged,Merged by normalized canonical URL; provenance preserved
devopstools_final.md,1046,tnu,https://github.com/jfroy/tnu,tnu,archived,Official GitHub repository is archived; retained for historical and migration context.
7_Development-Collaboration/README.md,22,tnu,https://github.com/jfroy/tnu,tnu,merged,Merged by normalized canonical URL; provenance preserved
devopstools_final.md,571,helm-secrets,https://github.com/jkroepke/helm-secrets,helm-secrets,kept,Canonical occurrence retained
4_Kubernetes-Containers/README.md,99,helm-secrets,https://github.com/jkroepke/helm-secrets,helm-secrets,merged,Merged by normalized canonical URL; provenance preserved
devopstools_final.md,491,Kubedock,https://github.com/joyrex2001/kubedock,kubedock,kept,Canonical occurrence retained
devopstools_final.md,462,Hanoi CLI,https://github.com/k-krew/hanoi-cli,hanoi-cli,kept,Canonical occurrence retained
devopstools_final.md,874,k8scout,https://github.com/k8scout/k8scout,k8scout,kept,Canonical occurrence retained
devopstools_final.md,608,Multus CNI,https://github.com/k8snetworkplumbingwg/multus-cni,multus-cni,kept,Canonical occurrence retained
devopstools_final.md,490,kubecfg,https://github.com/kadirbelkuyu/kubecfg,kubecfg,kept,Canonical occurrence retained
devopstools_final.md,134,System Design,https://github.com/karanpratapsingh/system-design,system-design,kept,Canonical occurrence retained
1_Foundational-Skills/README.md,53,System Design,https://github.com/karanpratapsingh/system-design,system-design,merged,Merged by normalized canonical URL; provenance preserved
devopstools_final.md,496,kubectl-explore,https://github.com/keisku/kubectl-explore,kubectl-explore,kept,Canonical occurrence retained
4_Kubernetes-Containers/README.md,46,kubectl-explore,https://github.com/keisku/kubectl-explore,kubectl-explore,merged,Merged by normalized canonical URL; provenance preserved
devopstools_final.md,1242,Kelos,https://github.com/kelos-dev/kelos,kelos,kept,Canonical occurrence retained
devopstools_final.md,441,Kubernetes The Hard Way,https://github.com/kelseyhightower/kubernetes-the-hard-way,kubernetes-the-hard-way,kept,Canonical occurrence retained
4_Kubernetes-Containers/README.md,12,Kubernetes The Hard Way,https://github.com/kelseyhightower/kubernetes-the-hard-way,kubernetes-the-hard-way,merged,Merged by normalized canonical URL; provenance preserved
devopstools_final.md,1224,mcpsnoop,https://github.com/kerlenton/mcpsnoop,mcpsnoop,kept,Canonical occurrence retained
devopstools_final.md,577,k8s-sidecar,https://github.com/kiwigrid/k8s-sidecar,k8s-sidecar,kept,Canonical occurrence retained
4_Kubernetes-Containers/README.md,103,k8s-sidecar,https://github.com/kiwigrid/k8s-sidecar,k8s-sidecar,merged,Merged by normalized canonical URL; provenance preserved
devopstools_final.md,475,kimspect,https://github.com/koithos/kimspect,kimspect,kept,Canonical occurrence retained
devopstools_final.md,589,Krateo Core Provider,https://github.com/krateoplatformops/core-provider,krateo-core-provider,kept,Canonical occurrence retained
devopstools_final.md,549,Descheduler,https://github.com/kubernetes-sigs/descheduler,descheduler,kept,Canonical occurrence retained
4_Kubernetes-Containers/README.md,84,Descheduler,https://github.com/kubernetes-sigs/descheduler,descheduler,merged,Merged by normalized canonical URL; provenance preserved
devopstools_final.md,463,ingress2gateway,https://github.com/kubernetes-sigs/ingress2gateway,ingress2gateway,kept,Canonical occurrence retained
devopstools_final.md,607,Metrics Server,https://github.com/kubernetes-sigs/metrics-server,metrics-server,kept,Canonical occurrence retained
4_Kubernetes-Containers/README.md,124,Metrics Server,https://github.com/kubernetes-sigs/metrics-server,metrics-server,merged,Merged by normalized canonical URL; provenance preserved
devopstools_final.md,627,security-profiles-operator,https://github.com/kubernetes-sigs/security-profiles-operator,security-profiles-operator,kept,Canonical occurrence retained
devopstools_final.md,594,Kubernetes Autoscaler,https://github.com/kubernetes/autoscaler,kubernetes-autoscaler,kept,Canonical occurrence retained
4_Kubernetes-Containers/README.md,115,Kubernetes Autoscaler,https://github.com/kubernetes/autoscaler,kubernetes-autoscaler,merged,Merged by normalized canonical URL; provenance preserved
devopstools_final.md,636,VPA,https://github.com/kubernetes/autoscaler/tree/master/vertical-pod-autoscaler,vpa,kept,Canonical occurrence retained
4_Kubernetes-Containers/README.md,140,VPA,https://github.com/kubernetes/autoscaler/tree/master/vertical-pod-autoscaler,vpa,merged,Merged by normalized canonical URL; provenance preserved
devopstools_final.md,504,Kubernetes Dashboard,https://github.com/kubernetes/dashboard,kubernetes-dashboard,archived,Official GitHub repository is archived; retained for historical and migration context.
4_Kubernetes-Containers/README.md,52,Kubernetes Dashboard,https://github.com/kubernetes/dashboard,kubernetes-dashboard,merged,Merged by normalized canonical URL; provenance preserved
devopstools_final.md,558,git-sync,https://github.com/kubernetes/git-sync,git-sync,kept,Canonical occurrence retained
devopstools_final.md,730,Kube State Metrics,https://github.com/kubernetes/kube-state-metrics,kube-state-metrics,kept,Canonical occurrence retained
5_Monitoring-Observability/README.md,30,Kube State Metrics,https://github.com/kubernetes/kube-state-metrics,kube-state-metrics,merged,Merged by normalized canonical URL; provenance preserved
devopstools_final.md,419,OpenWiki,https://github.com/langchain-ai/openwiki,openwiki,kept,Canonical occurrence retained
devopstools_final.md,987,Boulder (Let's Encrypt),https://github.com/letsencrypt/boulder,boulder-let-s-encrypt,kept,Canonical occurrence retained
6_Security/README.md,97,Boulder (Let's Encrypt),https://github.com/letsencrypt/boulder,boulder-let-s-encrypt,merged,Merged by normalized canonical URL; provenance preserved
devopstools_final.md,728,Linnix,https://github.com/linnix-os/linnix,linnix,kept,Canonical occurrence retained
devopstools_final.md,602,Loft Vind,https://github.com/loft-sh/vind,loft-vind,kept,Canonical occurrence retained
4_Kubernetes-Containers/README.md,121,Loft Vind,https://github.com/loft-sh/vind,loft-vind,merged,Merged by normalized canonical URL; provenance preserved
devopstools_final.md,137,MemoryChecker,https://github.com/lordmulder/MemoryChecker,memorychecker,kept,Canonical occurrence retained
1_Foundational-Skills/README.md,56,MemoryChecker,https://github.com/lordmulder/MemoryChecker,memorychecker,merged,Merged by normalized canonical URL; provenance preserved
devopstools_final.md,1171,KubeInvaders,https://github.com/lucky-sideburn/kubeinvaders,kubeinvaders,kept,Canonical occurrence retained
8_Chaos-Engineering/README.md,24,KubeInvaders,https://github.com/lucky-sideburn/kubeinvaders,kubeinvaders,merged,Merged by normalized canonical URL; provenance preserved
devopstools_final.md,605,MariaDB Operator,https://github.com/mariadb-operator/mariadb-operator,mariadb-operator,kept,Canonical occurrence retained
devopstools_final.md,1098,Semantic Pull Request (GitHub Action),https://github.com/marketplace/actions/semantic-pull-request,semantic-pull-request-github-action,kept,Canonical occurrence retained
7_Development-Collaboration/README.md,61,Semantic Pull Request (GitHub Action),https://github.com/marketplace/actions/semantic-pull-request,semantic-pull-request-github-action,merged,Merged by normalized canonical URL; provenance preserved
devopstools_final.md,1099,validate-dependabot,https://github.com/marocchino/validate-dependabot,validate-dependabot,kept,Canonical occurrence retained
devopstools_final.md,855,Cyclonus,https://github.com/mattfenwick/cyclonus,cyclonus,kept,Canonical occurrence retained
6_Security/README.md,19,Cyclonus,https://github.com/mattfenwick/cyclonus,cyclonus,merged,Merged by normalized canonical URL; provenance preserved
devopstools_final.md,752,otel-gui,https://github.com/metafab/otel-gui,otel-gui,kept,Canonical occurrence retained
devopstools_final.md,1088,MarkItDown,https://github.com/microsoft/markitdown,markitdown,kept,Canonical occurrence retained
devopstools_final.md,649,K8s in a Box,https://github.com/moabukar/k8s-in-a-box,k8s-in-a-box,kept,Canonical occurrence retained
devopstools_final.md,1341,Snorlax,https://github.com/moonbeam-nyc/snorlax,snorlax,kept,Canonical occurrence retained
10_Miscellaneous/README.md,102,Snorlax,https://github.com/moonbeam-nyc/snorlax,snorlax,merged,Merged by normalized canonical URL; provenance preserved
devopstools_final.md,1244,last30days-skill,https://github.com/mvanhorn/last30days-skill,last30days-skill,kept,Canonical occurrence retained
devopstools_final.md,523,sk8r,https://github.com/mvklingeren/sk8r,sk8r,kept,Canonical occurrence retained
devopstools_final.md,610,MySQL Operator for Kubernetes,https://github.com/mysql/mysql-operator,mysql-operator-for-kubernetes,kept,Canonical occurrence retained
devopstools_final.md,143,stressdisk,https://github.com/ncw/stressdisk,stressdisk,kept,Canonical occurrence retained
1_Foundational-Skills/README.md,62,stressdisk,https://github.com/ncw/stressdisk,stressdisk,merged,Merged by normalized canonical URL; provenance preserved
devopstools_final.md,470,k8sql,https://github.com/ndenev/k8sql,k8sql,kept,Canonical occurrence retained
devopstools_final.md,612,nginx-gateway-fabric,https://github.com/nginx/nginx-gateway-fabric,nginx-gateway-fabric,kept,Canonical occurrence retained
devopstools_final.md,447,webernetes,https://github.com/ngrok/webernetes,webernetes,kept,Canonical occurrence retained
devopstools_final.md,569,helm-docs,https://github.com/norwoodj/helm-docs,helm-docs,kept,Canonical occurrence retained
4_Kubernetes-Containers/README.md,97,helm-docs,https://github.com/norwoodj/helm-docs,helm-docs,merged,Merged by normalized canonical URL; provenance preserved
devopstools_final.md,652,onedr0p/cluster-template,https://github.com/onedr0p/cluster-template,onedr0p-cluster-template,kept,Canonical occurrence retained
4_Kubernetes-Containers/README.md,151,onedr0p/cluster-template,https://github.com/onedr0p/cluster-template,onedr0p-cluster-template,merged,Merged by normalized canonical URL; provenance preserved
devopstools_final.md,414,Codex,https://github.com/openai/codex,codex,kept,Canonical occurrence retained
devopstools_final.md,268,runc,https://github.com/opencontainers/runc,runc,kept,Canonical occurrence retained
2_Cloud-Infrastructure-Serverless/README.md,188,runc,https://github.com/opencontainers/runc,runc,merged,Merged by normalized canonical URL; provenance preserved
devopstools_final.md,617,OpenKruise Agents,https://github.com/openkruise/agents,openkruise-agents,kept,Canonical occurrence retained
devopstools_final.md,129,DevOps Projects,https://github.com/ophircloud/DevOps-Projects,devops-projects,kept,Canonical occurrence retained
1_Foundational-Skills/README.md,49,DevOps Projects,https://github.com/ophircloud/DevOps-Projects,devops-projects,merged,Merged by normalized canonical URL; provenance preserved
devopstools_final.md,1334,Papra,https://github.com/papra-hq/papra,papra,kept,Canonical occurrence retained
10_Miscellaneous/README.md,90,Papra,https://github.com/papra-hq/papra,papra,merged,Merged by normalized canonical URL; provenance preserved
devopstools_final.md,901,piqc,https://github.com/paralleliq/piqc,piqc,kept,Canonical occurrence retained
devopstools_final.md,190,terravision,https://github.com/patrickchugh/terravision,terravision,kept,Canonical occurrence retained
devopstools_final.md,591,kroc,https://github.com/pawelcit/kroc,kroc,kept,Canonical occurrence retained
devopstools_final.md,431,Awesome Kubernetes Architecture Diagrams,https://github.com/philippemerle/Awesome-Kubernetes-Architecture-Diagrams,awesome-kubernetes-architecture-diagrams,kept,Canonical occurrence retained
4_Kubernetes-Containers/README.md,4,Awesome Kubernetes Architecture Diagrams,https://github.com/philippemerle/Awesome-Kubernetes-Architecture-Diagrams,awesome-kubernetes-architecture-diagrams,merged,Merged by normalized canonical URL; provenance preserved
devopstools_final.md,543,Cloudflare Kubernetes Gateway,https://github.com/pl4nty/cloudflare-kubernetes-gateway,cloudflare-kubernetes-gateway,kept,Canonical occurrence retained
4_Kubernetes-Containers/README.md,80,Cloudflare Kubernetes Gateway,https://github.com/pl4nty/cloudflare-kubernetes-gateway,cloudflare-kubernetes-gateway,merged,Merged by normalized canonical URL; provenance preserved
devopstools_final.md,731,kube-binpacking-exporter,https://github.com/procore-oss/kube-binpacking-exporter,kube-binpacking-exporter,kept,Canonical occurrence retained
devopstools_final.md,816,flow,https://github.com/programmersd21/flow,flow,kept,Canonical occurrence retained
devopstools_final.md,853,CVEMap,https://github.com/projectdiscovery/cvemap,cvemap,kept,Canonical occurrence retained
6_Security/README.md,18,CVEMap,https://github.com/projectdiscovery/cvemap,cvemap,merged,Merged by normalized canonical URL; provenance preserved
devopstools_final.md,739,blackbox_exporter,https://github.com/prometheus/blackbox_exporter,blackbox-exporter,kept,Canonical occurrence retained
devopstools_final.md,1038,pytest-cov,https://github.com/pytest-dev/pytest-cov,pytest-cov,kept,Canonical occurrence retained
devopstools_final.md,630,System Upgrade Controller,https://github.com/rancher/system-upgrade-controller,system-upgrade-controller,kept,Canonical occurrence retained
4_Kubernetes-Containers/README.md,135,System Upgrade Controller,https://github.com/rancher/system-upgrade-controller,system-upgrade-controller,merged,Merged by normalized canonical URL; provenance preserved
devopstools_final.md,564,Helm Chart Generator,https://github.com/ravaga/helm-chart-generator,helm-chart-generator,kept,Canonical occurrence retained
4_Kubernetes-Containers/README.md,92,Helm Chart Generator,https://github.com/ravaga/helm-chart-generator,helm-chart-generator,merged,Merged by normalized canonical URL; provenance preserved
devopstools_final.md,140,stress,https://github.com/resurrecting-open-source-projects/stress,stress,kept,Canonical occurrence retained
1_Foundational-Skills/README.md,59,stress,https://github.com/resurrecting-open-source-projects/stress,stress,merged,Merged by normalized canonical URL; provenance preserved
devopstools_final.md,737,Awesome Prometheus,https://github.com/roaldnefs/awesome-prometheus,awesome-prometheus,kept,Canonical occurrence retained
5_Monitoring-Observability/README.md,36,Awesome Prometheus,https://github.com/roaldnefs/awesome-prometheus,awesome-prometheus,merged,Merged by normalized canonical URL; provenance preserved
devopstools_final.md,729,KRR,https://github.com/robusta-dev/krr,krr,kept,Canonical occurrence retained
5_Monitoring-Observability/README.md,29,KRR,https://github.com/robusta-dev/krr,krr,merged,Merged by normalized canonical URL; provenance preserved
devopstools_final.md,732,Kubewatch,https://github.com/robusta-dev/kubewatch,kubewatch,kept,Canonical occurrence retained
5_Monitoring-Observability/README.md,31,Kubewatch,https://github.com/robusta-dev/kubewatch,kubewatch,merged,Merged by normalized canonical URL; provenance preserved
devopstools_final.md,956,kickthemout,https://github.com/roccomuso/kickthemout,kickthemout,kept,Canonical occurrence retained
devopstools_final.md,267,RootlessKit,https://github.com/rootless-containers/rootlesskit,rootlesskit,kept,Canonical occurrence retained
2_Cloud-Infrastructure-Serverless/README.md,186,RootlessKit,https://github.com/rootless-containers/rootlesskit,rootlesskit,merged,Merged by normalized canonical URL; provenance preserved
devopstools_final.md,887,nomos,https://github.com/safe-agentic-world/nomos,nomos,kept,Canonical occurrence retained
devopstools_final.md,505,KubeTUI,https://github.com/sarub0b0/kubetui,kubetui,kept,Canonical occurrence retained
4_Kubernetes-Containers/README.md,32,KubeTUI,https://github.com/sarub0b0/kubetui,kubetui,merged,Merged by normalized canonical URL; provenance preserved
devopstools_final.md,906,SELinux Project,https://github.com/selinuxproject,selinux-project,kept,Canonical occurrence retained
6_Security/README.md,48,SELinux Project,https://github.com/selinuxproject,selinux-project,merged,Merged by normalized canonical URL; provenance preserved
devopstools_final.md,93,Bat,https://github.com/sharkdp/bat,bat,kept,Canonical occurrence retained
1_Foundational-Skills/README.md,15,Bat,https://github.com/sharkdp/bat,bat,merged,Merged by normalized canonical URL; provenance preserved
devopstools_final.md,94,fd,https://github.com/sharkdp/fd,fd,kept,Canonical occurrence retained
1_Foundational-Skills/README.md,16,fd,https://github.com/sharkdp/fd,fd,merged,Merged by normalized canonical URL; provenance preserved
devopstools_final.md,1313,fulcio (sigstore),https://github.com/sigstore/fulcio,fulcio-sigstore,kept,Canonical occurrence retained
devopstools_final.md,1314,gitsign (sigstore),https://github.com/sigstore/gitsign,gitsign-sigstore,kept,Canonical occurrence retained
devopstools_final.md,1315,rekor (sigstore),https://github.com/sigstore/rekor,rekor-sigstore,kept,Canonical occurrence retained
devopstools_final.md,909,slsa-verifier,https://github.com/slsa-framework/slsa-verifier,slsa-verifier,kept,Canonical occurrence retained
devopstools_final.md,460,Forecastle,https://github.com/stakater/Forecastle,forecastle,kept,Canonical occurrence retained
devopstools_final.md,941,k8s Sidecar Secret Forge,https://github.com/stegianna/k8s-sidecar-secret-forge,k8s-sidecar-secret-forge,kept,Canonical occurrence retained
6_Security/README.md,71,k8s Sidecar Secret Forge,https://github.com/stegianna/k8s-sidecar-secret-forge,k8s-sidecar-secret-forge,merged,Merged by normalized canonical URL; provenance preserved
devopstools_final.md,1282,dsoxlab,https://github.com/stephrobert/dsoxlab,dsoxlab,kept,Canonical occurrence retained
devopstools_final.md,142,stressapptest,https://github.com/stressapptest/stressapptest,stressapptest,kept,Canonical occurrence retained
1_Foundational-Skills/README.md,61,stressapptest,https://github.com/stressapptest/stressapptest,stressapptest,merged,Merged by normalized canonical URL; provenance preserved
devopstools_final.md,886,Nikto,https://github.com/sullo/nikto,nikto,kept,Canonical occurrence retained
devopstools_final.md,1259,MLOps for DevOps Engineers,https://github.com/techiescamp/mlops-for-devops,mlops-for-devops-engineers,kept,Canonical occurrence retained
devopstools_final.md,984,Teller,https://github.com/tellerops/teller,teller,kept,Canonical occurrence retained
devopstools_final.md,191,TFLint,https://github.com/terraform-linters/tflint,tflint,kept,Canonical occurrence retained
2_Cloud-Infrastructure-Serverless/README.md,64,TFLint,https://github.com/terraform-linters/tflint,tflint,merged,Merged by normalized canonical URL; provenance preserved
devopstools_final.md,634,Swimmer,https://github.com/teru01/swimmer,swimmer,kept,Canonical occurrence retained
devopstools_final.md,651,Kubernetes GitOps Guide,https://github.com/thezawzaw/kubernetes-gitops-guide,kubernetes-gitops-guide,kept,Canonical occurrence retained
4_Kubernetes-Containers/README.md,150,Kubernetes GitOps Guide,https://github.com/thezawzaw/kubernetes-gitops-guide,kubernetes-gitops-guide,merged,Merged by normalized canonical URL; provenance preserved
devopstools_final.md,476,Kogaro,https://github.com/topiaruss/kogaro,kogaro,kept,Canonical occurrence retained
devopstools_final.md,1105,simple-git-hooks,https://github.com/toplenboren/simple-git-hooks,simple-git-hooks,kept,Canonical occurrence retained
7_Development-Collaboration/README.md,67,simple-git-hooks,https://github.com/toplenboren/simple-git-hooks,simple-git-hooks,merged,Merged by normalized canonical URL; provenance preserved
devopstools_final.md,546,Crossplane Provider Upjet,https://github.com/upbound/upjet,crossplane-provider-upjet,kept,Canonical occurrence retained
4_Kubernetes-Containers/README.md,82,Crossplane Provider Upjet,https://github.com/upbound/upjet,crossplane-provider-upjet,merged,Merged by normalized canonical URL; provenance preserved
devopstools_final.md,623,pv-migrate,https://github.com/utkuozdemir/pv-migrate,pv-migrate,kept,Canonical occurrence retained
4_Kubernetes-Containers/README.md,130,pv-migrate,https://github.com/utkuozdemir/pv-migrate,pv-migrate,merged,Merged by normalized canonical URL; provenance preserved
devopstools_final.md,469,k8s-d2,https://github.com/vieitesss/k8s-d2,k8s-d2,kept,Canonical occurrence retained
devopstools_final.md,236,dive,https://github.com/wagoodman/dive,dive,kept,Canonical occurrence retained
2_Cloud-Infrastructure-Serverless/README.md,142,dive,https://github.com/wagoodman/dive,dive,merged,Merged by normalized canonical URL; provenance preserved
devopstools_final.md,885,NAXSI (WAF for NGINX),https://github.com/wargio/naxsi,naxsi-waf-for-nginx,kept,Canonical occurrence retained
6_Security/README.md,36,NAXSI (WAF for NGINX),https://github.com/wargio/naxsi,naxsi-waf-for-nginx,merged,Merged by normalized canonical URL; provenance preserved
devopstools_final.md,611,Nelm,https://github.com/werf/nelm,nelm,kept,Canonical occurrence retained
devopstools_final.md,1300,WinApps,https://github.com/winapps-org/winapps,winapps,kept,Canonical occurrence retained
10_Miscellaneous/README.md,46,WinApps,https://github.com/winapps-org/winapps,winapps,merged,Merged by normalized canonical URL; provenance preserved
devopstools_final.md,1275,Awesome DevOps,https://github.com/wmariuss/awesome-devops,awesome-devops,kept,Canonical occurrence retained
10_Miscellaneous/README.md,18,Awesome DevOps,https://github.com/wmariuss/awesome-devops,awesome-devops,merged,Merged by normalized canonical URL; provenance preserved
devopstools_final.md,578,k8s-csi-s3,https://github.com/yandex-cloud/k8s-csi-s3,k8s-csi-s3,kept,Canonical occurrence retained
devopstools_final.md,489,kubeconform,https://github.com/yannh/kubeconform,kubeconform,kept,Canonical occurrence retained
4_Kubernetes-Containers/README.md,41,kubeconform,https://github.com/yannh/kubeconform,kubeconform,merged,Merged by normalized canonical URL; provenance preserved
devopstools_final.md,495,kubectl-df-pv,https://github.com/yashbhutwala/kubectl-df-pv,kubectl-df-pv,kept,Canonical occurrence retained
4_Kubernetes-Containers/README.md,45,kubectl-df-pv,https://github.com/yashbhutwala/kubectl-df-pv,kubectl-df-pv,merged,Merged by normalized canonical URL; provenance preserved
devopstools_final.md,477,Kor,https://github.com/yonahd/kor,kor,kept,Canonical occurrence retained
devopstools_final.md,979,Lade,https://github.com/zifeo/lade,lade,kept,Canonical occurrence retained
devopstools_final.md,519,Orbit,https://gitlab.com/RMJx1/orbit,orbit,kept,Canonical occurrence retained
4_Kubernetes-Containers/README.md,64,Orbit,https://gitlab.com/RMJx1/orbit,orbit,merged,Merged by normalized canonical URL; provenance preserved
devopstools_final.md,865,Gitleaks,https://gitleaks.io/,gitleaks,kept,Canonical occurrence retained
6_Security/README.md,27,Gitleaks,https://gitleaks.io/,gitleaks,merged,Merged by normalized canonical URL; provenance preserved
devopstools_final.md,1095,gitmoji,https://gitmoji.dev/,gitmoji,kept,Canonical occurrence retained
7_Development-Collaboration/README.md,58,gitmoji,https://gitmoji.dev/,gitmoji,merged,Merged by normalized canonical URL; provenance preserved
devopstools_final.md,817,GoAlert,https://goalert.me/,goalert,kept,Canonical occurrence retained
5_Monitoring-Observability/README.md,100,GoAlert,https://goalert.me/,goalert,merged,Merged by normalized canonical URL; provenance preserved
devopstools_final.md,115,Go by Example,https://gobyexample.com/,go-by-example,kept,Canonical occurrence retained
1_Foundational-Skills/README.md,36,Go by Example,https://gobyexample.com/,go-by-example,merged,Merged by normalized canonical URL; provenance preserved
devopstools_final.md,372,Harbor,https://goharbor.io/,harbor,kept,Canonical occurrence retained
3_CI-CD-Automation/README.md,112,Harbor,https://goharbor.io/,harbor,merged,Merged by normalized canonical URL; provenance preserved
devopstools_final.md,1112,golangci-lint,https://golangci-lint.run/,golangci-lint,kept,Canonical occurrence retained
7_Development-Collaboration/README.md,72,golangci-lint,https://golangci-lint.run/,golangci-lint,merged,Merged by normalized canonical URL; provenance preserved
devopstools_final.md,1010,Teleport,https://goteleport.com/,teleport,kept,Canonical occurrence retained
6_Security/README.md,117,Teleport,https://goteleport.com/,teleport,merged,Merged by normalized canonical URL; provenance preserved
devopstools_final.md,356,Gradle,https://gradle.org/,gradle,kept,Canonical occurrence retained
3_CI-CD-Automation/README.md,88,Gradle,https://gradle.org/,gradle,merged,Merged by normalized canonical URL; provenance preserved
devopstools_final.md,743,Grafana,https://grafana.com/,grafana,kept,Canonical occurrence retained
5_Monitoring-Observability/README.md,39,Grafana,https://grafana.com/,grafana,merged,Merged by normalized canonical URL; provenance preserved
devopstools_final.md,745,Grafana Alloy Deploy,https://grafana.com/docs/alloy/latest/set-up/deploy/,grafana-alloy-deploy,kept,Canonical occurrence retained
5_Monitoring-Observability/README.md,40,Grafana Alloy Deploy,https://grafana.com/docs/alloy/latest/set-up/deploy/,grafana-alloy-deploy,merged,Merged by normalized canonical URL; provenance preserved
devopstools_final.md,744,Ask O11y plugin for Grafana,https://grafana.com/grafana/plugins/consensys-asko11y-app/?tab=overview,ask-o11y-plugin-for-grafana,kept,Canonical occurrence retained
devopstools_final.md,777,Grafana Beyla,https://grafana.com/oss/beyla/,grafana-beyla,kept,Canonical occurrence retained
5_Monitoring-Observability/README.md,69,Grafana Beyla,https://grafana.com/oss/beyla/,grafana-beyla,merged,Merged by normalized canonical URL; provenance preserved
devopstools_final.md,764,Grafana Loki,https://grafana.com/oss/loki/,grafana-loki,kept,Canonical occurrence retained
5_Monitoring-Observability/README.md,57,Grafana Loki,https://grafana.com/oss/loki/,grafana-loki,merged,Merged by normalized canonical URL; provenance preserved
devopstools_final.md,746,Grafana Mimir,https://grafana.com/oss/mimir/,grafana-mimir,kept,Canonical occurrence retained
5_Monitoring-Observability/README.md,41,Grafana Mimir,https://grafana.com/oss/mimir/,grafana-mimir,merged,Merged by normalized canonical URL; provenance preserved
devopstools_final.md,778,Grafana Pyroscope,https://grafana.com/oss/pyroscope/,grafana-pyroscope,kept,Canonical occurrence retained
5_Monitoring-Observability/README.md,70,Grafana Pyroscope,https://grafana.com/oss/pyroscope/,grafana-pyroscope,merged,Merged by normalized canonical URL; provenance preserved
devopstools_final.md,747,Grafana Tempo,https://grafana.com/oss/tempo/,grafana-tempo,kept,Canonical occurrence retained
5_Monitoring-Observability/README.md,42,Grafana Tempo,https://grafana.com/oss/tempo/,grafana-tempo,merged,Merged by normalized canonical URL; provenance preserved
devopstools_final.md,818,Grafana OnCall,https://grafana.com/products/cloud/oncall/,grafana-oncall,archived,Official GitHub repository is archived; retained for historical and migration context.
5_Monitoring-Observability/README.md,101,Grafana OnCall,https://grafana.com/products/cloud/oncall/,grafana-oncall,merged,Merged by normalized canonical URL; provenance preserved
devopstools_final.md,866,Greenbone (OpenVAS),https://greenbone.github.io/docs/latest/,greenbone-openvas,kept,Canonical occurrence retained
devopstools_final.md,867,GUAC,https://guac.sh/,guac,kept,Canonical occurrence retained
devopstools_final.md,243,gVisor,https://gvisor.dev/,gvisor,kept,Canonical occurrence retained
devopstools_final.md,328,Harness,https://harness.io/,harness,kept,Canonical occurrence retained
3_CI-CD-Automation/README.md,42,Harness,https://harness.io/,harness,merged,Merged by normalized canonical URL; provenance preserved
devopstools_final.md,1286,Hashnode,https://hashnode.com/,hashnode,kept,Canonical occurrence retained
devopstools_final.md,1190,Haystack,https://haystack.deepset.ai/,haystack,kept,Canonical occurrence retained
9_AI-MLOps/README.md,14,Haystack,https://haystack.deepset.ai/,haystack,merged,Merged by normalized canonical URL; provenance preserved
devopstools_final.md,1239,Headroom,https://headroomlabs-ai.github.io/headroom/,headroom,kept,Canonical occurrence retained
devopstools_final.md,563,Helm,https://helm.sh/,helm,kept,Canonical occurrence retained
4_Kubernetes-Containers/README.md,91,Helm,https://helm.sh/,helm,merged,Merged by normalized canonical URL; provenance preserved
devopstools_final.md,567,helm-chart-testing,https://helm.sh/docs/topics/chart_tests/,helm-chart-testing,kept,Canonical occurrence retained
4_Kubernetes-Containers/README.md,95,helm-chart-testing,https://helm.sh/docs/topics/chart_tests/,helm-chart-testing,merged,Merged by normalized canonical URL; provenance preserved
devopstools_final.md,565,Helmfile,https://helmfile.readthedocs.io/en/latest/,helmfile,kept,Canonical occurrence retained
4_Kubernetes-Containers/README.md,93,Helmfile,https://helmfile.readthedocs.io/en/latest/,helmfile,merged,Merged by normalized canonical URL; provenance preserved
devopstools_final.md,1240,Hermes Agent,https://hermes-agent.nousresearch.com/,hermes-agent,kept,Canonical occurrence retained
devopstools_final.md,124,DeepTutor,https://hkuds.github.io/DeepTutor/,deeptutor,kept,Canonical occurrence retained
1_Foundational-Skills/README.md,44,DeepTutor,https://hkuds.github.io/DeepTutor/,deeptutor,merged,Merged by normalized canonical URL; provenance preserved
devopstools_final.md,1201,Hoji AI,https://hoji.ai/,hoji-ai,kept,Canonical occurrence retained
9_AI-MLOps/README.md,26,Hoji AI,https://hoji.ai/,hoji-ai,merged,Merged by normalized canonical URL; provenance preserved
devopstools_final.md,726,HolmesGPT,https://holmesgpt.dev/latest/,holmesgpt,kept,Canonical occurrence retained
devopstools_final.md,574,Holos,https://holos.run/,holos,kept,Canonical occurrence retained
4_Kubernetes-Containers/README.md,101,Holos,https://holos.run/,holos,merged,Merged by normalized canonical URL; provenance preserved
devopstools_final.md,734,Robusta,https://home.robusta.dev/,robusta,kept,Canonical occurrence retained
5_Monitoring-Observability/README.md,33,Robusta,https://home.robusta.dev/,robusta,merged,Merged by normalized canonical URL; provenance preserved
devopstools_final.md,1324,Homer,https://homer-demo.netlify.app/,homer,kept,Canonical occurrence retained
devopstools_final.md,1241,Hortator,https://hortator.ai/,hortator,kept,Canonical occurrence retained
devopstools_final.md,97,htop,https://htop.dev/,htop,kept,Canonical occurrence retained
1_Foundational-Skills/README.md,18,htop,https://htop.dev/,htop,merged,Merged by normalized canonical URL; provenance preserved
devopstools_final.md,369,Docker Hardened Images,https://hub.docker.com/hardened-images/catalog,docker-hardened-images,kept,Canonical occurrence retained
3_CI-CD-Automation/README.md,106,Docker Hardened Images,https://hub.docker.com/hardened-images/catalog,docker-hardened-images,merged,Merged by normalized canonical URL; provenance preserved
devopstools_final.md,1216,Docker Hub MCP,https://hub.docker.com/mcp,docker-hub-mcp,kept,Canonical occurrence retained
9_AI-MLOps/README.md,48,Docker Hub MCP,https://hub.docker.com/mcp,docker-hub-mcp,merged,Merged by normalized canonical URL; provenance preserved
devopstools_final.md,282,Garage WebUI,https://hub.docker.com/r/khairul169/garage-webui,garage-webui,kept,Canonical occurrence retained
2_Cloud-Infrastructure-Serverless/README.md,208,Garage WebUI,https://hub.docker.com/r/khairul169/garage-webui,garage-webui,merged,Merged by normalized canonical URL; provenance preserved
devopstools_final.md,913,SOOS DAST,https://hub.docker.com/r/soosio/dast,soos-dast,kept,Canonical occurrence retained
devopstools_final.md,1146,Humanitec,https://humanitec.com/,humanitec,kept,Canonical occurrence retained
7_Development-Collaboration/README.md,100,Humanitec,https://humanitec.com/,humanitec,merged,Merged by normalized canonical URL; provenance preserved
devopstools_final.md,576,HwameiStor,https://hwameistor.io/,hwameistor,kept,Canonical occurrence retained
4_Kubernetes-Containers/README.md,102,HwameiStor,https://hwameistor.io/,hwameistor,merged,Merged by normalized canonical URL; provenance preserved
devopstools_final.md,1326,IcePanel,https://icepanel.io/,icepanel,kept,Canonical occurrence retained
devopstools_final.md,706,Icinga,https://icinga.com/,icinga,kept,Canonical occurrence retained
5_Monitoring-Observability/README.md,12,Icinga,https://icinga.com/,icinga,merged,Merged by normalized canonical URL; provenance preserved
devopstools_final.md,547,CronJob Guardian,https://illeniumstudios.github.io/cronjob-guardian/,cronjob-guardian,kept,Canonical occurrence retained
devopstools_final.md,381,ProGet,https://inedo.com/proget,proget,kept,Canonical occurrence retained
3_CI-CD-Automation/README.md,128,ProGet,https://inedo.com/proget,proget,merged,Merged by normalized canonical URL; provenance preserved
devopstools_final.md,1008,InfraHQ,https://infrahq.com/,infrahq,kept,Canonical occurrence retained
6_Security/README.md,115,InfraHQ,https://infrahq.com/,infrahq,merged,Merged by normalized canonical URL; provenance preserved
devopstools_final.md,128,DevOps Interview Questions,https://interview.devopscommunity.in/,devops-interview-questions,kept,Canonical occurrence retained
1_Foundational-Skills/README.md,48,DevOps Interview Questions,https://interview.devopscommunity.in/,devops-interview-questions,merged,Merged by normalized canonical URL; provenance preserved
devopstools_final.md,145,iPerf,https://iperf.fr/iperf-download.php,iperf,kept,Canonical occurrence retained
1_Foundational-Skills/README.md,63,iPerf,https://iperf.fr/iperf-download.php,iperf,merged,Merged by normalized canonical URL; provenance preserved
devopstools_final.md,1016,Istio,https://istio.io/,istio,kept,Canonical occurrence retained
6_Security/README.md,121,Istio,https://istio.io/,istio,merged,Merged by normalized canonical URL; provenance preserved
devopstools_final.md,1327,IT Tools,https://it-tools.tech/,it-tools,kept,Canonical occurrence retained
devopstools_final.md,873,JARVIS OS,https://jarvisoslinux.org/,jarvis-os,kept,Canonical occurrence retained
devopstools_final.md,330,Jenkins X,https://jenkins-x.io/,jenkins-x,kept,Canonical occurrence retained
3_CI-CD-Automation/README.md,46,Jenkins X,https://jenkins-x.io/,jenkins-x,merged,Merged by normalized canonical URL; provenance preserved
devopstools_final.md,377,JFrog Platform,https://jfrog.com/,jfrog-platform,kept,Canonical occurrence retained
3_CI-CD-Automation/README.md,122,JFrog Platform,https://jfrog.com/,jfrog-platform,merged,Merged by normalized canonical URL; provenance preserved
devopstools_final.md,373,JFrog Artifactory,https://jfrog.com/artifactory/,jfrog-artifactory,kept,Canonical occurrence retained
3_CI-CD-Automation/README.md,114,JFrog Artifactory,https://jfrog.com/artifactory/,jfrog-artifactory,merged,Merged by normalized canonical URL; provenance preserved
devopstools_final.md,374,JFrog Connect,https://jfrog.com/connect/,jfrog-connect,kept,Canonical occurrence retained
3_CI-CD-Automation/README.md,116,JFrog Connect,https://jfrog.com/connect/,jfrog-connect,merged,Merged by normalized canonical URL; provenance preserved
devopstools_final.md,375,JFrog Distribution,https://jfrog.com/distribution/,jfrog-distribution,kept,Canonical occurrence retained
3_CI-CD-Automation/README.md,118,JFrog Distribution,https://jfrog.com/distribution/,jfrog-distribution,merged,Merged by normalized canonical URL; provenance preserved
devopstools_final.md,376,JFrog Pipelines,https://jfrog.com/pipelines/,jfrog-pipelines,kept,Canonical occurrence retained
3_CI-CD-Automation/README.md,120,JFrog Pipelines,https://jfrog.com/pipelines/,jfrog-pipelines,merged,Merged by normalized canonical URL; provenance preserved
devopstools_final.md,1029,Apache JMeter,https://jmeter.apache.org/,apache-jmeter,kept,Canonical occurrence retained
7_Development-Collaboration/README.md,8,Apache JMeter,https://jmeter.apache.org/,apache-jmeter,merged,Merged by normalized canonical URL; provenance preserved
devopstools_final.md,1087,JSON Crack,https://jsoncrack.com/,json-crack,kept,Canonical occurrence retained
devopstools_final.md,283,JuiceFS,https://juicefs.com/en/,juicefs,kept,Canonical occurrence retained
2_Cloud-Infrastructure-Serverless/README.md,210,JuiceFS,https://juicefs.com/en/,juicefs,merged,Merged by normalized canonical URL; provenance preserved
devopstools_final.md,464,k0smotron,https://k0smotron.io/,k0smotron,kept,Canonical occurrence retained
devopstools_final.md,663,k0s,https://k0sproject.io/,k0s,kept,Canonical occurrence retained
4_Kubernetes-Containers/README.md,161,k0s,https://k0sproject.io/,k0s,merged,Merged by normalized canonical URL; provenance preserved
devopstools_final.md,434,k3d,https://k3d.io/stable/,k3d,kept,Canonical occurrence retained
devopstools_final.md,664,k3s,https://k3s.io/,k3s,kept,Canonical occurrence retained
4_Kubernetes-Containers/README.md,162,k3s,https://k3s.io/,k3s,merged,Merged by normalized canonical URL; provenance preserved
devopstools_final.md,1034,k6,https://k6.io/,k6,kept,Canonical occurrence retained
7_Development-Collaboration/README.md,12,k6,https://k6.io/,k6,merged,Merged by normalized canonical URL; provenance preserved
devopstools_final.md,1202,K8sGPT,https://k8sgpt.ai/,k8sgpt,kept,Canonical occurrence retained
9_AI-MLOps/README.md,28,K8sGPT,https://k8sgpt.ai/,k8sgpt,merged,Merged by normalized canonical URL; provenance preserved
devopstools_final.md,468,K8Studio,https://k8studio.io/,k8studio,kept,Canonical occurrence retained
devopstools_final.md,471,K9s,https://k9scli.io/,k9s,kept,Canonical occurrence retained
4_Kubernetes-Containers/README.md,30,K9s,https://k9scli.io/,k9s,merged,Merged by normalized canonical URL; provenance preserved
devopstools_final.md,836,autopwn-suite,https://kaangultekin.net/projects/autopwn-suite/,autopwn-suite,kept,Canonical occurrence retained
6_Security/README.md,5,autopwn-suite,https://kaangultekin.net/projects/autopwn-suite/,autopwn-suite,merged,Merged by normalized canonical URL; provenance preserved
devopstools_final.md,277,Apache Kafka,https://kafka.apache.org/,apache-kafka,kept,Canonical occurrence retained
2_Cloud-Infrastructure-Serverless/README.md,202,Apache Kafka,https://kafka.apache.org/,apache-kafka,merged,Merged by normalized canonical URL; provenance preserved
devopstools_final.md,579,Kagent,https://kagent.dev/,kagent,kept,Canonical occurrence retained
4_Kubernetes-Containers/README.md,104,Kagent,https://kagent.dev/,kagent,merged,Merged by normalized canonical URL; provenance preserved
devopstools_final.md,580,Kamaji,https://kamaji.clastix.io/,kamaji,kept,Canonical occurrence retained
devopstools_final.md,943,Kamaji,https://kamaji.clastix.io/,kamaji,merged,Merged by normalized canonical URL; provenance preserved
4_Kubernetes-Containers/README.md,105,Kamaji,https://kamaji.clastix.io/,kamaji,merged,Merged by normalized canonical URL; provenance preserved
6_Security/README.md,72,Kamaji,https://kamaji.clastix.io/,kamaji,merged,Merged by normalized canonical URL; provenance preserved
devopstools_final.md,1134,Kamal,https://kamal-deploy.org/,kamal,kept,Canonical occurrence retained
devopstools_final.md,394,Kargo,https://kargo.io/,kargo,kept,Canonical occurrence retained
3_CI-CD-Automation/README.md,150,Kargo,https://kargo.io/,kargo,merged,Merged by normalized canonical URL; provenance preserved
devopstools_final.md,581,Karpenter,https://karpenter.sh/,karpenter,kept,Canonical occurrence retained
4_Kubernetes-Containers/README.md,106,Karpenter,https://karpenter.sh/,karpenter,merged,Merged by normalized canonical URL; provenance preserved
devopstools_final.md,247,Kata Containers,https://katacontainers.io/,kata-containers,kept,Canonical occurrence retained
2_Cloud-Infrastructure-Serverless/README.md,156,Kata Containers,https://katacontainers.io/,kata-containers,merged,Merged by normalized canonical URL; provenance preserved
devopstools_final.md,1035,Katalon Studio,https://katalon.com/,katalon-studio,kept,Canonical occurrence retained
7_Development-Collaboration/README.md,13,Katalon Studio,https://katalon.com/,katalon-studio,merged,Merged by normalized canonical URL; provenance preserved
devopstools_final.md,248,kcli,https://kcli.readthedocs.io/en/latest/,kcli,kept,Canonical occurrence retained
devopstools_final.md,473,KDash,https://kdash.cli.rs/,kdash,kept,Canonical occurrence retained
4_Kubernetes-Containers/README.md,31,KDash,https://kdash.cli.rs/,kdash,merged,Merged by normalized canonical URL; provenance preserved
devopstools_final.md,584,keda-gpu-scaler,https://keda-gpu-scaler.readthedocs.io/en/latest/,keda-gpu-scaler,kept,Canonical occurrence retained
devopstools_final.md,583,KEDA,https://keda.sh/,keda,kept,Canonical occurrence retained
4_Kubernetes-Containers/README.md,108,KEDA,https://keda.sh/,keda,merged,Merged by normalized canonical URL; provenance preserved
devopstools_final.md,1268,Keel,https://keel.sh/,keel,kept,Canonical occurrence retained
10_Miscellaneous/README.md,8,Keel,https://keel.sh/,keel,merged,Merged by normalized canonical URL; provenance preserved
devopstools_final.md,331,Keptn,https://keptn.sh/,keptn,archived,Official GitHub repository is archived; retained for historical and migration context.
3_CI-CD-Automation/README.md,48,Keptn,https://keptn.sh/,keptn,merged,Merged by normalized canonical URL; provenance preserved
devopstools_final.md,403,Kestra,https://kestra.io/,kestra,kept,Canonical occurrence retained
devopstools_final.md,1328,Keygraph,https://keygraph.io/,keygraph,kept,Canonical occurrence retained
10_Miscellaneous/README.md,78,Keygraph,https://keygraph.io/,keygraph,merged,Merged by normalized canonical URL; provenance preserved
devopstools_final.md,993,Keystore Explorer,https://keystore-explorer.org/,keystore-explorer,kept,Canonical occurrence retained
6_Security/README.md,103,Keystore Explorer,https://keystore-explorer.org/,keystore-explorer,merged,Merged by normalized canonical URL; provenance preserved
devopstools_final.md,585,KGateway,https://kgateway.dev/,kgateway,kept,Canonical occurrence retained
4_Kubernetes-Containers/README.md,109,KGateway,https://kgateway.dev/,kgateway,merged,Merged by normalized canonical URL; provenance preserved
devopstools_final.md,177,KICS,https://kics.io/,kics,kept,Canonical occurrence retained
2_Cloud-Infrastructure-Serverless/README.md,48,KICS,https://kics.io/,kics,merged,Merged by normalized canonical URL; provenance preserved
devopstools_final.md,643,Killer.sh,https://killer.sh/,killer-sh,kept,Canonical occurrence retained
4_Kubernetes-Containers/README.md,146,Killer.sh,https://killer.sh/,killer-sh,merged,Merged by normalized canonical URL; provenance preserved
devopstools_final.md,130,Killercoda,https://killercoda.com/,killercoda,kept,Canonical occurrence retained
1_Foundational-Skills/README.md,50,Killercoda,https://killercoda.com/,killercoda,merged,Merged by normalized canonical URL; provenance preserved
devopstools_final.md,644,Killercoda CKA,https://killercoda.com/cka,killercoda-cka,kept,Canonical occurrence retained
4_Kubernetes-Containers/README.md,147,Killercoda CKA,https://killercoda.com/cka,killercoda-cka,merged,Merged by normalized canonical URL; provenance preserved
devopstools_final.md,435,kind,https://kind.sigs.k8s.io/,kind,kept,Canonical occurrence retained
4_Kubernetes-Containers/README.md,6,kind,https://kind.sigs.k8s.io/,kind,merged,Merged by normalized canonical URL; provenance preserved
devopstools_final.md,797,Kion FinOps,https://kion.io/platform/finops/,kion-finops,kept,Canonical occurrence retained
5_Monitoring-Observability/README.md,86,Kion FinOps,https://kion.io/platform/finops/,kion-finops,merged,Merged by normalized canonical URL; provenance preserved
devopstools_final.md,1041,Test Kitchen,https://kitchen.ci/,test-kitchen,kept,Canonical occurrence retained
7_Development-Collaboration/README.md,18,Test Kitchen,https://kitchen.ci/,test-kitchen,merged,Merged by normalized canonical URL; provenance preserved
devopstools_final.md,214,Knative,https://knative.dev/,knative,kept,Canonical occurrence retained
2_Cloud-Infrastructure-Serverless/README.md,106,Knative,https://knative.dev/,knative,merged,Merged by normalized canonical URL; provenance preserved
devopstools_final.md,358,Ko,https://ko.build/,ko,kept,Canonical occurrence retained
3_CI-CD-Automation/README.md,92,Ko,https://ko.build/,ko,merged,Merged by normalized canonical URL; provenance preserved
devopstools_final.md,645,KodeKloud,https://kodekloud.com/,kodekloud,kept,Canonical occurrence retained
4_Kubernetes-Containers/README.md,148,KodeKloud,https://kodekloud.com/,kodekloud,merged,Merged by normalized canonical URL; provenance preserved
devopstools_final.md,727,Komodor,https://komodor.com/,komodor,kept,Canonical occurrence retained
5_Monitoring-Observability/README.md,28,Komodor,https://komodor.com/,komodor,merged,Merged by normalized canonical URL; provenance preserved
devopstools_final.md,478,Kompose,https://kompose.io/,kompose,kept,Canonical occurrence retained
4_Kubernetes-Containers/README.md,34,Kompose,https://kompose.io/,kompose,merged,Merged by normalized canonical URL; provenance preserved
devopstools_final.md,586,Kong,https://konghq.com/kong/,kong,kept,Canonical occurrence retained
4_Kubernetes-Containers/README.md,110,Kong,https://konghq.com/kong/,kong,merged,Merged by normalized canonical URL; provenance preserved
devopstools_final.md,587,Koreo,https://koreo.dev/,koreo,kept,Canonical occurrence retained
4_Kubernetes-Containers/README.md,111,Koreo,https://koreo.dev/,koreo,merged,Merged by normalized canonical URL; provenance preserved
devopstools_final.md,480,krew,https://krew.sigs.k8s.io/,krew,kept,Canonical occurrence retained
4_Kubernetes-Containers/README.md,35,krew,https://krew.sigs.k8s.io/,krew,merged,Merged by normalized canonical URL; provenance preserved
devopstools_final.md,592,kro,https://kro.run/,kro,kept,Canonical occurrence retained
devopstools_final.md,1181,KServe,https://kserve.github.io/website/,kserve,kept,Canonical occurrence retained
9_AI-MLOps/README.md,6,KServe,https://kserve.github.io/website/,kserve,merged,Merged by normalized canonical URL; provenance preserved
devopstools_final.md,1182,Kthena,https://kthena.volcano.sh/,kthena,kept,Canonical occurrence retained
devopstools_final.md,1147,kubara,https://kubara.io/,kubara,kept,Canonical occurrence retained
devopstools_final.md,686,kube-dump,https://kube-dump.woozymasta.ru/,kube-dump,kept,Canonical occurrence retained
4_Kubernetes-Containers/README.md,182,kube-dump,https://kube-dump.woozymasta.ru/,kube-dump,merged,Merged by normalized canonical URL; provenance preserved
devopstools_final.md,486,kube-score,https://kube-score.com/,kube-score,kept,Canonical occurrence retained
4_Kubernetes-Containers/README.md,39,kube-score,https://kube-score.com/,kube-score,merged,Merged by normalized canonical URL; provenance preserved
devopstools_final.md,487,Kubeapps,https://kubeapps.com/,kubeapps,archived,Official GitHub repository is archived; retained for historical and migration context.
4_Kubernetes-Containers/README.md,40,Kubeapps,https://kubeapps.com/,kubeapps,merged,Merged by normalized canonical URL; provenance preserved
devopstools_final.md,395,KubeChecks,https://kubechecks.readthedocs.io/en/latest/,kubechecks,kept,Canonical occurrence retained
3_CI-CD-Automation/README.md,152,KubeChecks,https://kubechecks.readthedocs.io/en/latest/,kubechecks,merged,Merged by normalized canonical URL; provenance preserved
devopstools_final.md,499,KubeClipper,https://kubeclipper.io/en/,kubeclipper,kept,Canonical occurrence retained
devopstools_final.md,439,KubeEdge,https://kubeedge.io/,kubeedge,kept,Canonical occurrence retained
4_Kubernetes-Containers/README.md,10,KubeEdge,https://kubeedge.io/,kubeedge,merged,Merged by normalized canonical URL; provenance preserved
devopstools_final.md,500,KubeFlame,https://kubeflame.github.io/#about,kubeflame,kept,Canonical occurrence retained
4_Kubernetes-Containers/README.md,49,KubeFlame,https://kubeflame.github.io/#about,kubeflame,merged,Merged by normalized canonical URL; provenance preserved
devopstools_final.md,502,KubeGUI,https://kubegui.net/,kubegui,kept,Canonical occurrence retained
4_Kubernetes-Containers/README.md,51,KubeGUI,https://kubegui.net/,kubegui,merged,Merged by normalized canonical URL; provenance preserved
devopstools_final.md,647,KubeLearn,https://kubelearn.yoparchi.fr/,kubelearn,kept,Canonical occurrence retained
devopstools_final.md,593,Kubently,https://kubently.io/,kubently,kept,Canonical occurrence retained
4_Kubernetes-Containers/README.md,114,Kubently,https://kubently.io/,kubently,merged,Merged by normalized canonical URL; provenance preserved
devopstools_final.md,1329,kubernetes-sigs/bom,https://kubernetes-sigs.github.io/bom/,kubernetes-sigs-bom,kept,Canonical occurrence retained
10_Miscellaneous/README.md,80,kubernetes-sigs/bom,https://kubernetes-sigs.github.io/bom/,kubernetes-sigs-bom,merged,Merged by normalized canonical URL; provenance preserved
devopstools_final.md,554,ExternalDNS,https://kubernetes-sigs.github.io/external-dns/latest/,externaldns,kept,Canonical occurrence retained
devopstools_final.md,446,Tuning Linux Swap for Kubernetes,https://kubernetes.io/blog/2025/08/19/tuning-linux-swap-for-kubernetes-a-deep-dive/,tuning-linux-swap-for-kubernetes,kept,Canonical occurrence retained
4_Kubernetes-Containers/README.md,17,Tuning Linux Swap for Kubernetes,https://kubernetes.io/blog/2025/08/19/tuning-linux-swap-for-kubernetes-a-deep-dive/,tuning-linux-swap-for-kubernetes,merged,Merged by normalized canonical URL; provenance preserved
devopstools_final.md,1288,Kubernetes Learning Path,https://kubernetes.io/docs/home/,kubernetes-learning-path,kept,Canonical occurrence retained
10_Miscellaneous/README.md,34,Kubernetes Learning Path,https://kubernetes.io/docs/home/,kubernetes-learning-path,merged,Merged by normalized canonical URL; provenance preserved
devopstools_final.md,492,kubectl,https://kubernetes.io/docs/reference/kubectl/,kubectl,kept,Canonical occurrence retained
4_Kubernetes-Containers/README.md,42,kubectl,https://kubernetes.io/docs/reference/kubectl/,kubectl,merged,Merged by normalized canonical URL; provenance preserved
devopstools_final.md,438,kubectl Quick Reference,https://kubernetes.io/docs/reference/kubectl/quick-reference/,kubectl-quick-reference,kept,Canonical occurrence retained
4_Kubernetes-Containers/README.md,9,kubectl Quick Reference,https://kubernetes.io/docs/reference/kubectl/quick-reference/,kubectl-quick-reference,merged,Merged by normalized canonical URL; provenance preserved
devopstools_final.md,436,kubeadm,https://kubernetes.io/docs/reference/setup-tools/kubeadm/,kubeadm,kept,Canonical occurrence retained
4_Kubernetes-Containers/README.md,7,kubeadm,https://kubernetes.io/docs/reference/setup-tools/kubeadm/,kubeadm,merged,Merged by normalized canonical URL; provenance preserved
devopstools_final.md,506,Kubescape,https://kubescape.io/,kubescape,kept,Canonical occurrence retained
4_Kubernetes-Containers/README.md,53,Kubescape,https://kubescape.io/,kubescape,merged,Merged by normalized canonical URL; provenance preserved
devopstools_final.md,378,Kubesearch,https://kubesearch.dev/,kubesearch,kept,Canonical occurrence retained
devopstools_final.md,507,Kubesec,https://kubesec.io/,kubesec,kept,Canonical occurrence retained
4_Kubernetes-Containers/README.md,54,Kubesec,https://kubesec.io/,kubesec,merged,Merged by normalized canonical URL; provenance preserved
devopstools_final.md,508,Kubeshark,https://kubeshark.co/,kubeshark,kept,Canonical occurrence retained
4_Kubernetes-Containers/README.md,55,Kubeshark,https://kubeshark.co/,kubeshark,merged,Merged by normalized canonical URL; provenance preserved
devopstools_final.md,510,KubeSpec,https://kubespec.dev/,kubespec,kept,Canonical occurrence retained
4_Kubernetes-Containers/README.md,56,KubeSpec,https://kubespec.dev/,kubespec,merged,Merged by normalized canonical URL; provenance preserved
devopstools_final.md,511,KubeSphere,https://kubesphere.io/,kubesphere,kept,Canonical occurrence retained
4_Kubernetes-Containers/README.md,57,KubeSphere,https://kubesphere.io/,kubesphere,merged,Merged by normalized canonical URL; provenance preserved
devopstools_final.md,595,KubeVela,https://kubevela.io/,kubevela,kept,Canonical occurrence retained
4_Kubernetes-Containers/README.md,116,KubeVela,https://kubevela.io/,kubevela,merged,Merged by normalized canonical URL; provenance preserved
devopstools_final.md,513,Kubevious,https://kubevious.io/,kubevious,kept,Canonical occurrence retained
4_Kubernetes-Containers/README.md,59,Kubevious,https://kubevious.io/,kubevious,merged,Merged by normalized canonical URL; provenance preserved
devopstools_final.md,515,KubeVirt,https://kubevirt.io/,kubevirt,kept,Canonical occurrence retained
4_Kubernetes-Containers/README.md,60,KubeVirt,https://kubevirt.io/,kubevirt,merged,Merged by normalized canonical URL; provenance preserved
devopstools_final.md,798,Kubex,https://kubex.ai/,kubex,kept,Canonical occurrence retained
devopstools_final.md,514,Kubey,https://kubey.app/,kubey,kept,Canonical occurrence retained
devopstools_final.md,597,Kueue,https://kueue.sigs.k8s.io/,kueue,kept,Canonical occurrence retained
4_Kubernetes-Containers/README.md,13,kueue,https://kueue.sigs.k8s.io/,kueue,merged,Merged by normalized canonical URL; provenance preserved
devopstools_final.md,1106,git push no-mistakes,https://kunchenguid.github.io/no-mistakes/,git-push-no-mistakes,kept,Canonical occurrence retained
devopstools_final.md,178,KusionStack,https://kusionstack.io/,kusionstack,kept,Canonical occurrence retained
2_Cloud-Infrastructure-Serverless/README.md,50,KusionStack,https://kusionstack.io/,kusionstack,merged,Merged by normalized canonical URL; provenance preserved
devopstools_final.md,516,Kustomize,https://kustomize.io/,kustomize,kept,Canonical occurrence retained
4_Kubernetes-Containers/README.md,61,Kustomize,https://kustomize.io/,kustomize,merged,Merged by normalized canonical URL; provenance preserved
devopstools_final.md,598,KUTTL,https://kuttl.dev/,kuttl,kept,Canonical occurrence retained
devopstools_final.md,599,Kyverno,https://kyverno.io/,kyverno,kept,Canonical occurrence retained
4_Kubernetes-Containers/README.md,118,Kyverno,https://kyverno.io/,kyverno,merged,Merged by normalized canonical URL; provenance preserved
devopstools_final.md,99,LinuxJourney,https://labex.io/linuxjourney,linuxjourney,kept,Canonical occurrence retained
1_Foundational-Skills/README.md,20,LinuxJourney,https://labex.io/linuxjourney,linuxjourney,merged,Merged by normalized canonical URL; provenance preserved
devopstools_final.md,1289,LabEx DevOps Tutorials,https://labex.io/tutorials/category/devops,labex-devops-tutorials,kept,Canonical occurrence retained
devopstools_final.md,1070,Play with Docker,https://labs.play-with-docker.com/,play-with-docker,kept,Canonical occurrence retained
7_Development-Collaboration/README.md,40,Play with Docker,https://labs.play-with-docker.com/,play-with-docker,merged,Merged by normalized canonical URL; provenance preserved
devopstools_final.md,132,LabsDevOps.fr,https://labsdevops.fr/,labsdevops-fr,kept,Canonical occurrence retained
1_Foundational-Skills/README.md,52,LabsDevOps.fr,https://labsdevops.fr/,labsdevops-fr,merged,Merged by normalized canonical URL; provenance preserved
devopstools_final.md,1253,Langfuse,https://langfuse.com/,langfuse,kept,Canonical occurrence retained
9_AI-MLOps/README.md,66,Langfuse,https://langfuse.com/,langfuse,merged,Merged by normalized canonical URL; provenance preserved
devopstools_final.md,1179,Azure AI Foundry,https://learn.microsoft.com/en-us/azure/ai-foundry/what-is-azure-ai-foundry,azure-ai-foundry,kept,Canonical occurrence retained
9_AI-MLOps/README.md,4,Azure AI Foundry,https://learn.microsoft.com/en-us/azure/ai-foundry/what-is-azure-ai-foundry,azure-ai-foundry,merged,Merged by normalized canonical URL; provenance preserved
devopstools_final.md,1277,Azure Messaging for AWS Professionals,https://learn.microsoft.com/en-us/azure/architecture/aws-professional/messaging,azure-messaging-for-aws-professionals,kept,Canonical occurrence retained
10_Miscellaneous/README.md,22,Azure Messaging for AWS Professionals,https://learn.microsoft.com/en-us/azure/architecture/aws-professional/messaging,azure-messaging-for-aws-professionals,merged,Merged by normalized canonical URL; provenance preserved
devopstools_final.md,229,Azure Linux,https://learn.microsoft.com/en-us/azure/azure-linux/azure-linux-overview,azure-linux,kept,Canonical occurrence retained
devopstools_final.md,171,Azure Bicep,https://learn.microsoft.com/en-us/azure/azure-resource-manager/bicep/overview,azure-bicep,kept,Canonical occurrence retained
2_Cloud-Infrastructure-Serverless/README.md,38,Azure Bicep,https://learn.microsoft.com/en-us/azure/azure-resource-manager/bicep/overview,azure-bicep,merged,Merged by normalized canonical URL; provenance preserved
devopstools_final.md,165,ARM Templates,https://learn.microsoft.com/en-us/azure/azure-resource-manager/templates/overview,arm-templates,kept,Canonical occurrence retained
2_Cloud-Infrastructure-Serverless/README.md,32,ARM Templates,https://learn.microsoft.com/en-us/azure/azure-resource-manager/templates/overview,arm-templates,merged,Merged by normalized canonical URL; provenance preserved
devopstools_final.md,1215,Azure MCP Server,https://learn.microsoft.com/en-us/azure/developer/azure-mcp-server/,azure-mcp-server,kept,Canonical occurrence retained
9_AI-MLOps/README.md,46,Azure MCP Server,https://learn.microsoft.com/en-us/azure/developer/azure-mcp-server/,azure-mcp-server,merged,Merged by normalized canonical URL; provenance preserved
devopstools_final.md,928,Azure Policy,https://learn.microsoft.com/en-us/azure/governance/policy/,azure-policy,kept,Canonical occurrence retained
6_Security/README.md,60,Azure Policy,https://learn.microsoft.com/en-us/azure/governance/policy/,azure-policy,merged,Merged by normalized canonical URL; provenance preserved
devopstools_final.md,1291,Microsoft Learn,https://learn.microsoft.com/en-us/training/,microsoft-learn,kept,Canonical occurrence retained
10_Miscellaneous/README.md,36,Microsoft Learn,https://learn.microsoft.com/en-us/training/,microsoft-learn,merged,Merged by normalized canonical URL; provenance preserved
devopstools_final.md,244,Hyper-V,https://learn.microsoft.com/en-us/windows-server/virtualization/hyper-v/overview,hyper-v,kept,Canonical occurrence retained
devopstools_final.md,258,WSL container,https://learn.microsoft.com/en-us/windows/wsl/wsl-container,wsl-container,kept,Canonical occurrence retained
devopstools_final.md,88,Learn Git Branching,https://learngitbranching.js.org/,learn-git-branching,kept,Canonical occurrence retained
1_Foundational-Skills/README.md,10,Learn Git Branching,https://learngitbranching.js.org/,learn-git-branching,merged,Merged by normalized canonical URL; provenance preserved
devopstools_final.md,648,LearnKube,https://learnkube.com/,learnkube,kept,Canonical occurrence retained
devopstools_final.md,801,Learnkube Kubernetes Instance Calculator,https://learnkube.com/kubernetes-instance-calculator,learnkube-kubernetes-instance-calculator,kept,Canonical occurrence retained
devopstools_final.md,445,Security Contexts,https://learnkube.com/security-contexts,security-contexts,kept,Canonical occurrence retained
4_Kubernetes-Containers/README.md,16,Security Contexts,https://learnkube.com/security-contexts,security-contexts,merged,Merged by normalized canonical URL; provenance preserved
devopstools_final.md,1103,Lefthook,https://lefthook.dev/,lefthook,kept,Canonical occurrence retained
7_Development-Collaboration/README.md,65,Lefthook,https://lefthook.dev/,lefthook,merged,Merged by normalized canonical URL; provenance preserved
devopstools_final.md,517,Lens,https://lenshq.io/,lens,kept,Canonical occurrence retained
4_Kubernetes-Containers/README.md,62,Lens,https://lenshq.io/,lens,merged,Merged by normalized canonical URL; provenance preserved
devopstools_final.md,250,libvirt,https://libvirt.org/,libvirt,kept,Canonical occurrence retained
2_Cloud-Infrastructure-Serverless/README.md,160,libvirt,https://libvirt.org/,libvirt,merged,Merged by normalized canonical URL; provenance preserved
devopstools_final.md,251,Lima,https://lima-vm.io/,lima,kept,Canonical occurrence retained
2_Cloud-Infrastructure-Serverless/README.md,162,Lima,https://lima-vm.io/,lima,merged,Merged by normalized canonical URL; provenance preserved
devopstools_final.md,676,LINSTOR,https://linbit.com/linstor/,linstor,kept,Canonical occurrence retained
4_Kubernetes-Containers/README.md,172,LINSTOR,https://linbit.com/linstor/,linstor,merged,Merged by normalized canonical URL; provenance preserved
devopstools_final.md,600,Linkerd,https://linkerd.io/,linkerd,kept,Canonical occurrence retained
devopstools_final.md,1017,Linkerd,https://linkerd.io/,linkerd,merged,Merged by normalized canonical URL; provenance preserved
4_Kubernetes-Containers/README.md,119,Linkerd,https://linkerd.io/,linkerd,merged,Merged by normalized canonical URL; provenance preserved
6_Security/README.md,122,Linkerd,https://linkerd.io/,linkerd,merged,Merged by normalized canonical URL; provenance preserved
devopstools_final.md,102,The Linux Command Line,https://linuxcommand.org/tlcl.php,the-linux-command-line,kept,Canonical occurrence retained
1_Foundational-Skills/README.md,23,The Linux Command Line,https://linuxcommand.org/tlcl.php,the-linux-command-line,merged,Merged by normalized canonical URL; provenance preserved
devopstools_final.md,252,Linux Containers (LXC/LXD),https://linuxcontainers.org/,linux-containers-lxc-lxd,kept,Canonical occurrence retained
2_Cloud-Infrastructure-Serverless/README.md,164,Linux Containers (LXC/LXD),https://linuxcontainers.org/,linux-containers-lxc-lxd,merged,Merged by normalized canonical URL; provenance preserved
devopstools_final.md,245,Incus,https://linuxcontainers.org/fr/incus/introduction/,incus,kept,Canonical occurrence retained
2_Cloud-Infrastructure-Serverless/README.md,154,Incus,https://linuxcontainers.org/fr/incus/introduction/,incus,merged,Merged by normalized canonical URL; provenance preserved
devopstools_final.md,246,Incus OS,https://linuxcontainers.org/incus-os/,incus-os,kept,Canonical occurrence retained
devopstools_final.md,601,LitmusChaos,https://litmuschaos.io/,litmuschaos,kept,Canonical occurrence retained
devopstools_final.md,1172,Litmus,https://litmuschaos.io/,litmuschaos,merged,Merged by normalized canonical URL; provenance preserved
4_Kubernetes-Containers/README.md,120,LitmusChaos,https://litmuschaos.io/,litmuschaos,merged,Merged by normalized canonical URL; provenance preserved
8_Chaos-Engineering/README.md,26,Litmus,https://litmuschaos.io/,litmuschaos,merged,Merged by normalized canonical URL; provenance preserved
devopstools_final.md,1183,llm-d,https://llm-d.ai/,llm-d,kept,Canonical occurrence retained
devopstools_final.md,1205,LM Studio,https://lmstudio.ai/,lm-studio,kept,Canonical occurrence retained
9_AI-MLOps/README.md,32,LM Studio,https://lmstudio.ai/,lm-studio,merged,Merged by normalized canonical URL; provenance preserved
devopstools_final.md,677,Longhorn,https://longhorn.io/,longhorn,kept,Canonical occurrence retained
4_Kubernetes-Containers/README.md,173,Longhorn,https://longhorn.io/,longhorn,merged,Merged by normalized canonical URL; provenance preserved
devopstools_final.md,1243,kubernetes-skill for Claude Code,https://lukasniessen.github.io/kubernetes-skill/,kubernetes-skill-for-claude-code,kept,Canonical occurrence retained
devopstools_final.md,603,Luxury Yacht,https://luxury-yacht.app/,luxury-yacht,kept,Canonical occurrence retained
devopstools_final.md,604,m9sweeper,https://m9sweeper.io/,m9sweeper,kept,Canonical occurrence retained
4_Kubernetes-Containers/README.md,122,m9sweeper,https://m9sweeper.io/,m9sweeper,merged,Merged by normalized canonical URL; provenance preserved
devopstools_final.md,707,Maintenant,https://maintenant.dev/,maintenant,kept,Canonical occurrence retained
devopstools_final.md,488,Kube-Argus,https://manishchaudhary101.github.io/kube-argus/,kube-argus,kept,Canonical occurrence retained
devopstools_final.md,332,Mantis,https://mantis.getaugur.ai/docs/introduction/overview/,mantis,kept,Canonical occurrence retained
3_CI-CD-Automation/README.md,50,Mantis,https://mantis.getaugur.ai/docs/introduction/overview/,mantis,merged,Merged by normalized canonical URL; provenance preserved
devopstools_final.md,1154,Mattermost,https://mattermost.com/,mattermost,kept,Canonical occurrence retained
7_Development-Collaboration/README.md,105,Mattermost,https://mattermost.com/,mattermost,merged,Merged by normalized canonical URL; provenance preserved
devopstools_final.md,881,MCPDefender,https://mcpdefender.com/,mcpdefender,kept,Canonical occurrence retained
6_Security/README.md,34,MCPDefender,https://mcpdefender.com/,mcpdefender,merged,Merged by normalized canonical URL; provenance preserved
devopstools_final.md,285,Memcached,https://memcached.org/,memcached,kept,Canonical occurrence retained
2_Cloud-Infrastructure-Serverless/README.md,212,Memcached,https://memcached.org/,memcached,merged,Merged by normalized canonical URL; provenance preserved
devopstools_final.md,333,Mergify,https://mergify.com/,mergify,kept,Canonical occurrence retained
devopstools_final.md,606,MetalLB,https://metallb.universe.tf/,metallb,kept,Canonical occurrence retained
4_Kubernetes-Containers/README.md,123,MetalLB,https://metallb.universe.tf/,metallb,merged,Merged by normalized canonical URL; provenance preserved
devopstools_final.md,1065,micro,https://micro-editor.github.io/,micro,kept,Canonical occurrence retained
devopstools_final.md,665,MicroK8s,https://microk8s.io/,microk8s,kept,Canonical occurrence retained
4_Kubernetes-Containers/README.md,163,MicroK8s,https://microk8s.io/,microk8s,merged,Merged by normalized canonical URL; provenance preserved
devopstools_final.md,440,Kubernetes Common Errors & Fixes,https://middleware.io/blog/kubernetes-common-errors-fix/,kubernetes-common-errors-and-fixes,kept,Canonical occurrence retained
4_Kubernetes-Containers/README.md,11,Kubernetes Common Errors & Fixes,https://middleware.io/blog/kubernetes-common-errors-fix/,kubernetes-common-errors-and-fixes,merged,Merged by normalized canonical URL; provenance preserved
devopstools_final.md,1206,Migratowl,https://migratowl.bitkaio.com/,migratowl,kept,Canonical occurrence retained
devopstools_final.md,254,MiniBlue,https://miniblue.io/,miniblue,kept,Canonical occurrence retained
devopstools_final.md,443,Minikube,https://minikube.sigs.k8s.io/docs/,minikube,kept,Canonical occurrence retained
4_Kubernetes-Containers/README.md,14,Minikube,https://minikube.sigs.k8s.io/docs/,minikube,merged,Merged by normalized canonical URL; provenance preserved
devopstools_final.md,880,mitmproxy,https://mitmproxy.org/,mitmproxy,kept,Canonical occurrence retained
devopstools_final.md,201,Mitogen for Ansible,https://mitogen.networkgenomics.com/ansible_detailed.html,mitogen-for-ansible,kept,Canonical occurrence retained
2_Cloud-Infrastructure-Serverless/README.md,82,Mitogen for Ansible,https://mitogen.networkgenomics.com/ansible_detailed.html,mitogen-for-ansible,merged,Merged by normalized canonical URL; provenance preserved
devopstools_final.md,1184,MLflow,https://mlflow.org/,mlflow,kept,Canonical occurrence retained
9_AI-MLOps/README.md,8,MLflow,https://mlflow.org/,mlflow,merged,Merged by normalized canonical URL; provenance preserved
devopstools_final.md,884,ModSecurity,https://modsecurity.org/,modsecurity,kept,Canonical occurrence retained
6_Security/README.md,35,ModSecurity,https://modsecurity.org/,modsecurity,merged,Merged by normalized canonical URL; provenance preserved
devopstools_final.md,750,Kubernetes Monitoring Mixins,https://monitoring.mixins.dev/kubernetes/,kubernetes-monitoring-mixins,kept,Canonical occurrence retained
5_Monitoring-Observability/README.md,45,Kubernetes Monitoring Mixins,https://monitoring.mixins.dev/kubernetes/,kubernetes-monitoring-mixins,merged,Merged by normalized canonical URL; provenance preserved
devopstools_final.md,302,Morpheus Data,https://morpheusdata.com/,morpheus-data,kept,Canonical occurrence retained
2_Cloud-Infrastructure-Serverless/README.md,232,Morpheus Data,https://morpheusdata.com/,morpheus-data,merged,Merged by normalized canonical URL; provenance preserved
devopstools_final.md,709,Munin,https://munin-monitoring.org/,munin,kept,Canonical occurrence retained
5_Monitoring-Observability/README.md,14,Munin,https://munin-monitoring.org/,munin,merged,Merged by normalized canonical URL; provenance preserved
devopstools_final.md,1287,Kindling,https://mykindling.io/get-kindling,kindling,kept,Canonical occurrence retained
devopstools_final.md,1121,mypy,https://mypy-lang.org/,mypy,kept,Canonical occurrence retained
7_Development-Collaboration/README.md,81,mypy,https://mypy-lang.org/,mypy,merged,Merged by normalized canonical URL; provenance preserved
devopstools_final.md,404,n8n,https://n8n.io/,n8n,kept,Canonical occurrence retained
3_CI-CD-Automation/README.md,164,n8n,https://n8n.io/,n8n,merged,Merged by normalized canonical URL; provenance preserved
devopstools_final.md,334,Nektos Act,https://nektosact.com/,nektos-act,kept,Canonical occurrence retained
3_CI-CD-Automation/README.md,52,Nektos Act,https://nektosact.com/,nektos-act,merged,Merged by normalized canonical URL; provenance preserved
devopstools_final.md,957,NetBird,https://netbird.io/,netbird,kept,Canonical occurrence retained
devopstools_final.md,1168,Chaos Monkey,https://netflix.github.io/chaosmonkey/,chaos-monkey,kept,Canonical occurrence retained
8_Chaos-Engineering/README.md,18,Chaos Monkey,https://netflix.github.io/chaosmonkey/,chaos-monkey,merged,Merged by normalized canonical URL; provenance preserved
devopstools_final.md,959,OpenZiti,https://netfoundry.io/docs/openziti/,openziti,kept,Canonical occurrence retained
devopstools_final.md,712,New Relic,https://newrelic.com/platform,new-relic,kept,Canonical occurrence retained
5_Monitoring-Observability/README.md,17,New Relic,https://newrelic.com/platform,new-relic,merged,Merged by normalized canonical URL; provenance preserved
devopstools_final.md,1323,glances,https://nicolargo.github.io/glances/,glances,kept,Canonical occurrence retained
10_Miscellaneous/README.md,74,glances,https://nicolargo.github.io/glances/,glances,merged,Merged by normalized canonical URL; provenance preserved
devopstools_final.md,1066,Ninite,https://ninite.com/,ninite,kept,Canonical occurrence retained
7_Development-Collaboration/README.md,37,Ninite,https://ninite.com/,ninite,merged,Merged by normalized canonical URL; provenance preserved
devopstools_final.md,359,Nix,https://nixos.org/,nix,kept,Canonical occurrence retained
3_CI-CD-Automation/README.md,94,Nix,https://nixos.org/,nix,merged,Merged by normalized canonical URL; provenance preserved
devopstools_final.md,614,Nocalhost,https://nocalhost.dev/,nocalhost,kept,Canonical occurrence retained
4_Kubernetes-Containers/README.md,126,Nocalhost,https://nocalhost.dev/,nocalhost,merged,Merged by normalized canonical URL; provenance preserved
devopstools_final.md,888,Notary Project,https://notaryproject.dev/,notary-project,kept,Canonical occurrence retained
6_Security/README.md,37,Notary Project,https://notaryproject.dev/,notary-project,merged,Merged by normalized canonical URL; provenance preserved
devopstools_final.md,823,ntfy,https://ntfy.sh/,ntfy,kept,Canonical occurrence retained
5_Monitoring-Observability/README.md,105,ntfy,https://ntfy.sh/,ntfy,merged,Merged by normalized canonical URL; provenance preserved
devopstools_final.md,405,Numaflow,https://numaflow.numaproj.io/,numaflow,kept,Canonical occurrence retained
3_CI-CD-Automation/README.md,166,Numaflow,https://numaflow.numaproj.io/,numaflow,merged,Merged by normalized canonical URL; provenance preserved
devopstools_final.md,336,Octopus Deploy,https://octopus.com/,octopus-deploy,kept,Canonical occurrence retained
3_CI-CD-Automation/README.md,54,Octopus Deploy,https://octopus.com/,octopus-deploy,merged,Merged by normalized canonical URL; provenance preserved
devopstools_final.md,89,Oh My Git!,https://ohmygit.org/,oh-my-git,kept,Canonical occurrence retained
1_Foundational-Skills/README.md,11,Oh My Git!,https://ohmygit.org/,oh-my-git,merged,Merged by normalized canonical URL; provenance preserved
devopstools_final.md,667,OKD,https://okd.io/,okd,kept,Canonical occurrence retained
4_Kubernetes-Containers/README.md,165,OKD,https://okd.io/,okd,merged,Merged by normalized canonical URL; provenance preserved
devopstools_final.md,575,Hybernate,https://okedeji.io/hybernate/,hybernate,kept,Canonical occurrence retained
devopstools_final.md,1207,Ollama,https://ollama.com/,ollama,kept,Canonical occurrence retained
9_AI-MLOps/README.md,34,Ollama,https://ollama.com/,ollama,merged,Merged by normalized canonical URL; provenance preserved
devopstools_final.md,1331,OllyGarden,https://ollygarden.com/,ollygarden,kept,Canonical occurrence retained
10_Miscellaneous/README.md,84,OllyGarden,https://ollygarden.com/,ollygarden,merged,Merged by normalized canonical URL; provenance preserved
devopstools_final.md,1069,Omarchy,https://omarchy.org/,omarchy,kept,Canonical occurrence retained
devopstools_final.md,1068,Ona (formerly Gitpod),https://ona.com/,ona-formerly-gitpod,kept,Canonical occurrence retained
7_Development-Collaboration/README.md,39,Ona (formerly Gitpod),https://ona.com/,ona-formerly-gitpod,merged,Merged by normalized canonical URL; provenance preserved
devopstools_final.md,335,OneDev,https://onedev.io/,onedev,kept,Canonical occurrence retained
devopstools_final.md,980,OpenBao,https://openbao.org/,openbao,kept,Canonical occurrence retained
devopstools_final.md,417,OpenCode,https://opencode.ai/,opencode,kept,Canonical occurrence retained
devopstools_final.md,1272,OpenFeature,https://openfeature.dev/,openfeature,kept,Canonical occurrence retained
10_Miscellaneous/README.md,14,OpenFeature,https://openfeature.dev/,openfeature,merged,Merged by normalized canonical URL; provenance preserved
devopstools_final.md,418,Open Interpreter,https://openinterpreter.com/,open-interpreter,kept,Canonical occurrence retained
3_CI-CD-Automation/README.md,178,Open Interpreter,https://openinterpreter.com/,open-interpreter,merged,Merged by normalized canonical URL; provenance preserved
devopstools_final.md,616,OpenKruise,https://openkruise.io/,openkruise,kept,Canonical occurrence retained
4_Kubernetes-Containers/README.md,127,OpenKruise,https://openkruise.io/,openkruise,merged,Merged by normalized canonical URL; provenance preserved
devopstools_final.md,767,OpenObserve,https://openobserve.ai/,openobserve,kept,Canonical occurrence retained
5_Monitoring-Observability/README.md,59,OpenObserve,https://openobserve.ai/,openobserve,merged,Merged by normalized canonical URL; provenance preserved
devopstools_final.md,1148,OpenRun,https://openrun.dev/,openrun,kept,Canonical occurrence retained
devopstools_final.md,768,OpenSearch,https://opensearch.org/,opensearch,kept,Canonical occurrence retained
5_Monitoring-Observability/README.md,60,OpenSearch,https://opensearch.org/,opensearch,merged,Merged by normalized canonical URL; provenance preserved
devopstools_final.md,1332,openspeedtest,https://openspeedtest.com/,openspeedtest,kept,Canonical occurrence retained
10_Miscellaneous/README.md,86,openspeedtest,https://openspeedtest.com/,openspeedtest,merged,Merged by normalized canonical URL; provenance preserved
devopstools_final.md,221,OpenTaco,https://opentaco.dev/,opentaco,kept,Canonical occurrence retained
2_Cloud-Infrastructure-Serverless/README.md,118,OpenTaco,https://opentaco.dev/,opentaco,merged,Merged by normalized canonical URL; provenance preserved
devopstools_final.md,751,OpenTelemetry,https://opentelemetry.io/,opentelemetry,kept,Canonical occurrence retained
5_Monitoring-Observability/README.md,46,OpenTelemetry,https://opentelemetry.io/,opentelemetry,merged,Merged by normalized canonical URL; provenance preserved
devopstools_final.md,780,OpenTelemetry Collector,https://opentelemetry.io/docs/collector/,opentelemetry-collector,kept,Canonical occurrence retained
5_Monitoring-Observability/README.md,72,OpenTelemetry Collector,https://opentelemetry.io/docs/collector/,opentelemetry-collector,merged,Merged by normalized canonical URL; provenance preserved
devopstools_final.md,781,OpenTelemetry eBPF Instrumentation,https://opentelemetry.io/docs/zero-code/obi/,opentelemetry-ebpf-instrumentation,kept,Canonical occurrence retained
devopstools_final.md,179,OpenTofu,https://opentofu.org/,opentofu,kept,Canonical occurrence retained
2_Cloud-Infrastructure-Serverless/README.md,52,OpenTofu,https://opentofu.org/,opentofu,merged,Merged by normalized canonical URL; provenance preserved
devopstools_final.md,1208,Open WebUI,https://openwebui.com/,open-webui,kept,Canonical occurrence retained
9_AI-MLOps/README.md,36,Open WebUI,https://openwebui.com/,open-webui,merged,Merged by normalized canonical URL; provenance preserved
devopstools_final.md,615,OperatorHub,https://operatorhub.io/,operatorhub,kept,Canonical occurrence retained
devopstools_final.md,958,OPNsense,https://opnsense.org/,opnsense,kept,Canonical occurrence retained
6_Security/README.md,81,OPNsense,https://opnsense.org/,opnsense,merged,Merged by normalized canonical URL; provenance preserved
devopstools_final.md,380,ORAS,https://oras.land/,oras,kept,Canonical occurrence retained
3_CI-CD-Automation/README.md,126,ORAS,https://oras.land/,oras,merged,Merged by normalized canonical URL; provenance preserved
devopstools_final.md,257,OrbStack,https://orbstack.dev/,orbstack,kept,Canonical occurrence retained
2_Cloud-Infrastructure-Serverless/README.md,170,OrbStack,https://orbstack.dev/,orbstack,merged,Merged by normalized canonical URL; provenance preserved
devopstools_final.md,890,OSINT Framework,https://osintframework.com/,osint-framework,kept,Canonical occurrence retained
devopstools_final.md,618,OVN-Kubernetes,https://ovn-kubernetes.io/,ovn-kubernetes,kept,Canonical occurrence retained
4_Kubernetes-Containers/README.md,128,OVN-Kubernetes,https://ovn-kubernetes.io/,ovn-kubernetes,merged,Merged by normalized canonical URL; provenance preserved
devopstools_final.md,856,DependencyCheck,https://owasp.org/www-project-dependency-check/,dependencycheck,kept,Canonical occurrence retained
6_Security/README.md,20,DependencyCheck,https://owasp.org/www-project-dependency-check/,dependencycheck,merged,Merged by normalized canonical URL; provenance preserved
devopstools_final.md,713,Pandora FMS,https://pandorafms.com/community/pandora-fms-downloads/,pandora-fms,kept,Canonical occurrence retained
5_Monitoring-Observability/README.md,18,Pandora FMS,https://pandorafms.com/community/pandora-fms-downloads/,pandora-fms,merged,Merged by normalized canonical URL; provenance preserved
devopstools_final.md,960,Pangolin,https://pangolin.net/,pangolin,kept,Canonical occurrence retained
devopstools_final.md,882,MEDUSA,https://pantheonsecurity.io/,medusa,kept,Canonical occurrence retained
devopstools_final.md,897,Parrot Security,https://parrotsec.org/,parrot-security,kept,Canonical occurrence retained
devopstools_final.md,825,PatchMon,https://patchmon.net/,patchmon,kept,Canonical occurrence retained
5_Monitoring-Observability/README.md,107,PatchMon,https://patchmon.net/,patchmon,merged,Merged by normalized canonical URL; provenance preserved
devopstools_final.md,1245,peerd,https://peerd.ai/,peerd,kept,Canonical occurrence retained
devopstools_final.md,420,Odysseus,https://pewdiepie-archdaemon.github.io/odysseus/,odysseus,kept,Canonical occurrence retained
devopstools_final.md,1136,Piku,https://piku.github.io/,piku,kept,Canonical occurrence retained
7_Development-Collaboration/README.md,92,Piku,https://piku.github.io/,piku,merged,Merged by normalized canonical URL; provenance preserved
devopstools_final.md,278,bbolt,https://pkg.go.dev/go.etcd.io/bbolt#section-readme,bbolt,kept,Canonical occurrence retained
devopstools_final.md,1117,shfmt,https://pkg.go.dev/mvdan.cc/sh/v3,shfmt,kept,Canonical occurrence retained
7_Development-Collaboration/README.md,77,shfmt,https://pkg.go.dev/mvdan.cc/sh/v3,shfmt,merged,Merged by normalized canonical URL; provenance preserved
devopstools_final.md,1024,Plane,https://plane.so/,plane,kept,Canonical occurrence retained
7_Development-Collaboration/README.md,5,Plane,https://plane.so/,plane,merged,Merged by normalized canonical URL; provenance preserved
devopstools_final.md,1036,Playwright,https://playwright.dev/,playwright,kept,Canonical occurrence retained
7_Development-Collaboration/README.md,14,Playwright,https://playwright.dev/,playwright,merged,Merged by normalized canonical URL; provenance preserved
devopstools_final.md,260,Podman,https://podman.io/,podman,kept,Canonical occurrence retained
2_Cloud-Infrastructure-Serverless/README.md,172,Podman,https://podman.io/,podman,merged,Merged by normalized canonical URL; provenance preserved
devopstools_final.md,521,Popeye,https://popeyecli.io/,popeye,kept,Canonical occurrence retained
devopstools_final.md,1335,Portabase,https://portabase.io/,portabase,kept,Canonical occurrence retained
devopstools_final.md,844,Burp Suite,https://portswigger.net/burp,burp-suite,kept,Canonical occurrence retained
6_Security/README.md,10,Burp Suite,https://portswigger.net/burp,burp-suite,merged,Merged by normalized canonical URL; provenance preserved
devopstools_final.md,678,Portworx,https://portworx.com/,portworx,kept,Canonical occurrence retained
4_Kubernetes-Containers/README.md,174,Portworx,https://portworx.com/,portworx,merged,Merged by normalized canonical URL; provenance preserved
devopstools_final.md,1102,pre-commit,https://pre-commit.com/,pre-commit,kept,Canonical occurrence retained
7_Development-Collaboration/README.md,64,pre-commit,https://pre-commit.com/,pre-commit,merged,Merged by normalized canonical URL; provenance preserved
devopstools_final.md,619,Predictive Horizontal Pod Autoscaler,https://predictive-horizontal-pod-autoscaler.readthedocs.io/en/latest/,predictive-horizontal-pod-autoscaler,kept,Canonical occurrence retained
4_Kubernetes-Containers/README.md,129,Predictive Horizontal Pod Autoscaler,https://predictive-horizontal-pod-autoscaler.readthedocs.io/en/latest/,predictive-horizontal-pod-autoscaler,merged,Merged by normalized canonical URL; provenance preserved
devopstools_final.md,1115,Prettier,https://prettier.io/,prettier,kept,Canonical occurrence retained
7_Development-Collaboration/README.md,75,Prettier,https://prettier.io/,prettier,merged,Merged by normalized canonical URL; provenance preserved
devopstools_final.md,963,Pritunl,https://pritunl.com/,pritunl,kept,Canonical occurrence retained
6_Security/README.md,83,Pritunl,https://pritunl.com/,pritunl,merged,Merged by normalized canonical URL; provenance preserved
devopstools_final.md,1336,PrivateBin,https://privatebin.info/,privatebin,kept,Canonical occurrence retained
10_Miscellaneous/README.md,92,PrivateBin,https://privatebin.info/,privatebin,merged,Merged by normalized canonical URL; provenance preserved
devopstools_final.md,1096,Probot DCO,https://probot.github.io/apps/dco/,probot-dco,kept,Canonical occurrence retained
7_Development-Collaboration/README.md,59,Probot DCO,https://probot.github.io/apps/dco/,probot-dco,merged,Merged by normalized canonical URL; provenance preserved
devopstools_final.md,559,HAMi,https://project-hami.io/,hami,kept,Canonical occurrence retained
4_Kubernetes-Containers/README.md,89,HAMi,https://project-hami.io/,hami,merged,Merged by normalized canonical URL; provenance preserved
devopstools_final.md,620,Project Contour,https://projectcontour.io/,project-contour,kept,Canonical occurrence retained
devopstools_final.md,621,Project Sveltos,https://projectsveltos.io/latest/,project-sveltos,kept,Canonical occurrence retained
devopstools_final.md,714,Prometheus,https://prometheus.io/,prometheus,kept,Canonical occurrence retained
5_Monitoring-Observability/README.md,19,Prometheus,https://prometheus.io/,prometheus,merged,Merged by normalized canonical URL; provenance preserved
devopstools_final.md,826,Pulse Relay,https://pulserelay.pro/,pulse-relay,kept,Canonical occurrence retained
5_Monitoring-Observability/README.md,108,Pulse Relay,https://pulserelay.pro/,pulse-relay,merged,Merged by normalized canonical URL; provenance preserved
devopstools_final.md,202,Puppet,https://puppet.com/,puppet,kept,Canonical occurrence retained
2_Cloud-Infrastructure-Serverless/README.md,84,Puppet,https://puppet.com/,puppet,merged,Merged by normalized canonical URL; provenance preserved
devopstools_final.md,1318,Diagrams,https://pypi.org/project/diagrams/,diagrams,kept,Canonical occurrence retained
devopstools_final.md,900,pip-audit,https://pypi.org/project/pip-audit/,pip-audit,kept,Canonical occurrence retained
6_Security/README.md,45,pip-audit,https://pypi.org/project/pip-audit/,pip-audit,merged,Merged by normalized canonical URL; provenance preserved
devopstools_final.md,382,Quay,https://quay.io/,quay,kept,Canonical occurrence retained
3_CI-CD-Automation/README.md,130,Quay,https://quay.io/,quay,merged,Merged by normalized canonical URL; provenance preserved
devopstools_final.md,769,Quickwit,https://quickwit.io/,quickwit,kept,Canonical occurrence retained
5_Monitoring-Observability/README.md,61,Quickwit,https://quickwit.io/,quickwit,merged,Merged by normalized canonical URL; provenance preserved
devopstools_final.md,421,RamaLama,https://ramalama.ai/,ramalama,kept,Canonical occurrence retained
3_CI-CD-Automation/README.md,180,RamaLama,https://ramalama.ai/,ramalama,merged,Merged by normalized canonical URL; provenance preserved
devopstools_final.md,668,Rancher,https://rancher.com/,rancher,kept,Canonical occurrence retained
4_Kubernetes-Containers/README.md,166,Rancher,https://rancher.com/,rancher,merged,Merged by normalized canonical URL; provenance preserved
devopstools_final.md,669,Rancher k3k,https://rancher.github.io/k3k-product-docs/k3k/latest/en/introduction.html,rancher-k3k,kept,Canonical occurrence retained
4_Kubernetes-Containers/README.md,167,Rancher k3k,https://rancher.github.io/k3k-product-docs/k3k/latest/en/introduction.html,rancher-k3k,merged,Merged by normalized canonical URL; provenance preserved
devopstools_final.md,265,Rancher Desktop,https://rancherdesktop.io/,rancher-desktop,kept,Canonical occurrence retained
2_Cloud-Infrastructure-Serverless/README.md,182,Rancher Desktop,https://rancherdesktop.io/,rancher-desktop,merged,Merged by normalized canonical URL; provenance preserved
devopstools_final.md,622,Redis Operator,https://redis-operator.opstree.dev/,redis-operator,kept,Canonical occurrence retained
devopstools_final.md,289,Redis,https://redis.io/,redis,kept,Canonical occurrence retained
2_Cloud-Infrastructure-Serverless/README.md,216,Redis,https://redis.io/,redis,merged,Merged by normalized canonical URL; provenance preserved
devopstools_final.md,902,Red Labs,https://redlabs.enterprisesecurity.io/,red-labs,kept,Canonical occurrence retained
6_Security/README.md,46,Red Labs,https://redlabs.enterprisesecurity.io/,red-labs,merged,Merged by normalized canonical URL; provenance preserved
devopstools_final.md,266,Remmina,https://remmina.org/,remmina,kept,Canonical occurrence retained
2_Cloud-Infrastructure-Serverless/README.md,184,Remmina,https://remmina.org/,remmina,merged,Merged by normalized canonical URL; provenance preserved
devopstools_final.md,1225,reShapr,https://reshapr.io/,reshapr,kept,Canonical occurrence retained
devopstools_final.md,1109,actionlint,https://rhysd.github.io/actionlint/,actionlint,kept,Canonical occurrence retained
7_Development-Collaboration/README.md,70,actionlint,https://rhysd.github.io/actionlint/,actionlint,merged,Merged by normalized canonical URL; provenance preserved
devopstools_final.md,1278,Backend Roadmap,https://roadmap.sh/backend,backend-roadmap,kept,Canonical occurrence retained
devopstools_final.md,1283,DevOps Roadmap,https://roadmap.sh/devops,backend-roadmap,merged,Merged by normalized canonical URL; provenance preserved
devopstools_final.md,1293,Roadmap.sh,https://roadmap.sh/,backend-roadmap,merged,Merged by normalized canonical URL; provenance preserved
10_Miscellaneous/README.md,24,Backend Roadmap,https://roadmap.sh/backend,backend-roadmap,merged,Merged by normalized canonical URL; provenance preserved
10_Miscellaneous/README.md,30,DevOps Roadmap,https://roadmap.sh/devops,backend-roadmap,merged,Merged by normalized canonical URL; provenance preserved
10_Miscellaneous/README.md,38,Roadmap.sh,https://roadmap.sh/,backend-roadmap,merged,Merged by normalized canonical URL; provenance preserved
devopstools_final.md,100,Rocky Linux,https://rockylinux.org/,rocky-linux,kept,Canonical occurrence retained
1_Foundational-Skills/README.md,21,Rocky Linux,https://rockylinux.org/,rocky-linux,merged,Merged by normalized canonical URL; provenance preserved
devopstools_final.md,679,Rook,https://rook.io/,rook,kept,Canonical occurrence retained
4_Kubernetes-Containers/README.md,175,Rook,https://rook.io/,rook,merged,Merged by normalized canonical URL; provenance preserved
devopstools_final.md,1337,Rude Tools,https://rudetools.dev/,rude-tools,kept,Canonical occurrence retained
10_Miscellaneous/README.md,94,Rude Tools,https://rudetools.dev/,rude-tools,merged,Merged by normalized canonical URL; provenance preserved
devopstools_final.md,290,RustFS,https://rustfs.com/,rustfs,kept,Canonical occurrence retained
2_Cloud-Infrastructure-Serverless/README.md,218,RustFS,https://rustfs.com/,rustfs,merged,Merged by normalized canonical URL; provenance preserved
devopstools_final.md,531,Aralez,https://sadoyan.github.io/aralez-docs/,aralez,kept,Canonical occurrence retained
4_Kubernetes-Containers/README.md,70,Aralez,https://sadoyan.github.io/aralez-docs/,aralez,merged,Merged by normalized canonical URL; provenance preserved
devopstools_final.md,903,SafeLine,https://safepoint.cloud/landing/safeline,safeline,kept,Canonical occurrence retained
6_Security/README.md,47,SafeLine,https://safepoint.cloud/landing/safeline,safeline,merged,Merged by normalized canonical URL; provenance preserved
devopstools_final.md,962,Portmaster,https://safing.io/,portmaster,kept,Canonical occurrence retained
devopstools_final.md,205,Salt,https://saltproject.io/,salt,kept,Canonical occurrence retained
2_Cloud-Infrastructure-Serverless/README.md,90,Salt,https://saltproject.io/,salt,merged,Merged by normalized canonical URL; provenance preserved
devopstools_final.md,738,Awesome Prometheus Alerts,https://samber.github.io/awesome-prometheus-alerts/,awesome-prometheus-alerts,kept,Canonical occurrence retained
5_Monitoring-Observability/README.md,37,Awesome Prometheus Alerts,https://samber.github.io/awesome-prometheus-alerts/,awesome-prometheus-alerts,merged,Merged by normalized canonical URL; provenance preserved
devopstools_final.md,1053,Sauce Labs Real Device Cloud,https://saucelabs.com/platform/real-device-cloud,sauce-labs-real-device-cloud,kept,Canonical occurrence retained
7_Development-Collaboration/README.md,29,Sauce Labs Real Device Cloud,https://saucelabs.com/platform/real-device-cloud,sauce-labs-real-device-cloud,merged,Merged by normalized canonical URL; provenance preserved
devopstools_final.md,183,Score,https://score.dev/,score,kept,Canonical occurrence retained
devopstools_final.md,1090,Scrapling,https://scrapling.readthedocs.io/en/latest/,scrapling,kept,Canonical occurrence retained
devopstools_final.md,269,Sealos,https://sealos.io/,sealos,kept,Canonical occurrence retained
2_Cloud-Infrastructure-Serverless/README.md,190,Sealos,https://sealos.io/,sealos,merged,Merged by normalized canonical URL; provenance preserved
devopstools_final.md,291,SeaweedFS,https://seaweedfs.com/,seaweedfs,kept,Canonical occurrence retained
2_Cloud-Infrastructure-Serverless/README.md,220,SeaweedFS,https://seaweedfs.com/,seaweedfs,merged,Merged by normalized canonical URL; provenance preserved
devopstools_final.md,965,Security Onion,https://securityonionsolutions.com/,security-onion,kept,Canonical occurrence retained
devopstools_final.md,338,Semaphore CI,https://semaphoreci.com/,semaphore-ci,kept,Canonical occurrence retained
3_CI-CD-Automation/README.md,58,Semaphore CI,https://semaphoreci.com/,semaphore-ci,merged,Merged by normalized canonical URL; provenance preserved
devopstools_final.md,715,Sematext,https://sematext.com/,sematext,kept,Canonical occurrence retained
devopstools_final.md,904,Semgrep,https://semgrep.dev/,semgrep,kept,Canonical occurrence retained
devopstools_final.md,716,Sensu,https://sensu.io/,sensu,kept,Canonical occurrence retained
5_Monitoring-Observability/README.md,20,Sensu,https://sensu.io/,sensu,merged,Merged by normalized canonical URL; provenance preserved
devopstools_final.md,782,Sentry,https://sentry.io/welcome/,sentry,kept,Canonical occurrence retained
5_Monitoring-Observability/README.md,73,Sentry,https://sentry.io/welcome/,sentry,merged,Merged by normalized canonical URL; provenance preserved
devopstools_final.md,1040,ServerSpec,https://serverspec.org/,serverspec,kept,Canonical occurrence retained
7_Development-Collaboration/README.md,17,ServerSpec,https://serverspec.org/,serverspec,merged,Merged by normalized canonical URL; provenance preserved
devopstools_final.md,361,Shipwright,https://shipwright.io/,shipwright,kept,Canonical occurrence retained
3_CI-CD-Automation/README.md,96,Shipwright,https://shipwright.io/,shipwright,merged,Merged by normalized canonical URL; provenance preserved
devopstools_final.md,1280,Claude Code Cheat Sheet,https://shipyard.build/blog/claude-code-cheat-sheet,claude-code-cheat-sheet,kept,Canonical occurrence retained
devopstools_final.md,907,Shuffle Automation,https://shuffler.io/,shuffle-automation,kept,Canonical occurrence retained
devopstools_final.md,753,SigNoz,https://signoz.io/,signoz,kept,Canonical occurrence retained
5_Monitoring-Observability/README.md,47,SigNoz,https://signoz.io/,signoz,merged,Merged by normalized canonical URL; provenance preserved
devopstools_final.md,362,Skaffold,https://skaffold.dev/,skaffold,kept,Canonical occurrence retained
devopstools_final.md,120,AWS Skill Builder,https://skillbuilder.aws/,aws-skill-builder,kept,Canonical occurrence retained
1_Foundational-Skills/README.md,41,AWS Skill Builder,https://skillbuilder.aws/,aws-skill-builder,merged,Merged by normalized canonical URL; provenance preserved
devopstools_final.md,1276,AWS Cloud Quest Practitioner,https://skillbuilder.aws/learn/FU5WCYVGKY/aws-cloud-quest-cloud-practitioner/learn,aws-cloud-quest-practitioner,kept,Canonical occurrence retained
10_Miscellaneous/README.md,20,AWS Cloud Quest Practitioner,https://skillbuilder.aws/learn/FU5WCYVGKY/aws-cloud-quest-cloud-practitioner/learn,aws-cloud-quest-practitioner,merged,Merged by normalized canonical URL; provenance preserved
devopstools_final.md,775,Apache SkyWalking,https://skywalking.apache.org/,apache-skywalking,kept,Canonical occurrence retained
5_Monitoring-Observability/README.md,67,Apache SkyWalking,https://skywalking.apache.org/,apache-skywalking,merged,Merged by normalized canonical URL; provenance preserved
devopstools_final.md,1155,Slack,https://slack.com/,slack,kept,Canonical occurrence retained
7_Development-Collaboration/README.md,106,Slack,https://slack.com/,slack,merged,Merged by normalized canonical URL; provenance preserved
devopstools_final.md,908,SLSA,https://slsa.dev/,slsa,kept,Canonical occurrence retained
devopstools_final.md,1254,LangSmith,https://smith.langchain.com/,langsmith,kept,Canonical occurrence retained
9_AI-MLOps/README.md,68,LangSmith,https://smith.langchain.com/,langsmith,merged,Merged by normalized canonical URL; provenance preserved
devopstools_final.md,911,Snyk,https://snyk.io/,snyk,kept,Canonical occurrence retained
6_Security/README.md,49,Snyk,https://snyk.io/,snyk,merged,Merged by normalized canonical URL; provenance preserved
devopstools_final.md,912,Socket,https://socket.dev/,socket,kept,Canonical occurrence retained
devopstools_final.md,497,kubectl-klock,https://software.opensuse.org/package/kubectl-klock,kubectl-klock,kept,Canonical occurrence retained
4_Kubernetes-Containers/README.md,47,kubectl-klock,https://software.opensuse.org/package/kubectl-klock,kubectl-klock,merged,Merged by normalized canonical URL; provenance preserved
devopstools_final.md,184,Spacelift,https://spacelift.io/,spacelift,kept,Canonical occurrence retained
devopstools_final.md,223,Spacelift,https://spacelift.io/,spacelift,merged,Merged by normalized canonical URL; provenance preserved
2_Cloud-Infrastructure-Serverless/README.md,58,Spacelift,https://spacelift.io/,spacelift,merged,Merged by normalized canonical URL; provenance preserved
2_Cloud-Infrastructure-Serverless/README.md,122,Spacelift,https://spacelift.io/,spacelift,merged,Merged by normalized canonical URL; provenance preserved
devopstools_final.md,216,Spin,https://spinframework.dev/,spin,kept,Canonical occurrence retained
2_Cloud-Infrastructure-Serverless/README.md,110,Spin,https://spinframework.dev/,spin,merged,Merged by normalized canonical URL; provenance preserved
devopstools_final.md,339,Spinnaker,https://spinnaker.io/,spinnaker,kept,Canonical occurrence retained
3_CI-CD-Automation/README.md,60,Spinnaker,https://spinnaker.io/,spinnaker,merged,Merged by normalized canonical URL; provenance preserved
devopstools_final.md,806,Spot FinOps,https://spot.io/solutions/finops/,spot-finops,kept,Canonical occurrence retained
5_Monitoring-Observability/README.md,92,Spot FinOps,https://spot.io/solutions/finops/,spot-finops,merged,Merged by normalized canonical URL; provenance preserved
devopstools_final.md,133,SysAdmin to SRE Roadmap,https://sre.yoparchi.fr/,sysadmin-to-sre-roadmap,kept,Canonical occurrence retained
devopstools_final.md,1004,SSOReady,https://ssoready.com/,ssoready,kept,Canonical occurrence retained
devopstools_final.md,485,kube-linter,https://stackrox.github.io/kube-linter/,kube-linter,kept,Canonical occurrence retained
devopstools_final.md,877,Kube-linter,https://docs.kubelinter.io/,kube-linter,merged,Merged by normalized canonical URL; provenance preserved
4_Kubernetes-Containers/README.md,38,kube-linter,https://stackrox.github.io/kube-linter/,kube-linter,merged,Merged by normalized canonical URL; provenance preserved
6_Security/README.md,32,Kube-linter,https://docs.kubelinter.io/,kube-linter,merged,Merged by normalized canonical URL; provenance preserved
devopstools_final.md,1209,Stakpak,https://stakpak.dev/,stakpak,kept,Canonical occurrence retained
devopstools_final.md,1127,Starlight,https://starlight.astro.build/,starlight,kept,Canonical occurrence retained
7_Development-Collaboration/README.md,86,Starlight,https://starlight.astro.build/,starlight,merged,Merged by normalized canonical URL; provenance preserved
devopstools_final.md,687,Stash,https://stash.run/,stash,kept,Canonical occurrence retained
4_Kubernetes-Containers/README.md,183,Stash,https://stash.run/,stash,merged,Merged by normalized canonical URL; provenance preserved
devopstools_final.md,629,Strimzi,https://strimzi.io/,strimzi,kept,Canonical occurrence retained
4_Kubernetes-Containers/README.md,134,Strimzi,https://strimzi.io/,strimzi,merged,Merged by normalized canonical URL; provenance preserved
devopstools_final.md,1343,Structurizr,https://structurizr.com/,structurizr,kept,Canonical occurrence retained
devopstools_final.md,967,Suricata,https://suricata.io/,suricata,kept,Canonical occurrence retained
devopstools_final.md,270,Sustainable Computing (Kepler),https://sustainable-computing.io/,sustainable-computing-kepler,kept,Canonical occurrence retained
2_Cloud-Infrastructure-Serverless/README.md,192,Sustainable Computing (Kepler),https://sustainable-computing.io/,sustainable-computing-kepler,merged,Merged by normalized canonical URL; provenance preserved
devopstools_final.md,466,K8s Cleaner (Sveltos),https://sveltos.projectsveltos.io/k8sCleaner.html,k8s-cleaner-sveltos,kept,Canonical occurrence retained
4_Kubernetes-Containers/README.md,29,K8s Cleaner (Sveltos),https://sveltos.projectsveltos.io/k8sCleaner.html,k8s-cleaner-sveltos,merged,Merged by normalized canonical URL; provenance preserved
devopstools_final.md,1071,Tabby (Terminal),https://tabby.sh/,tabby-terminal,kept,Canonical occurrence retained
7_Development-Collaboration/README.md,41,Tabby (Terminal),https://tabby.sh/,tabby-terminal,merged,Merged by normalized canonical URL; provenance preserved
devopstools_final.md,969,Tailscale,https://tailscale.com/,tailscale,kept,Canonical occurrence retained
6_Security/README.md,84,Tailscale,https://tailscale.com/,tailscale,merged,Merged by normalized canonical URL; provenance preserved
devopstools_final.md,524,Tarook,https://tarook.cloud/en/,tarook,kept,Canonical occurrence retained
devopstools_final.md,341,Tekton,https://tekton.dev/,tekton,kept,Canonical occurrence retained
3_CI-CD-Automation/README.md,64,Tekton,https://tekton.dev/,tekton,merged,Merged by normalized canonical URL; provenance preserved
devopstools_final.md,1025,Tenzu,https://tenzu.net/fr/,tenzu,kept,Canonical occurrence retained
devopstools_final.md,1072,Termix,https://termix.site/,termix,kept,Canonical occurrence retained
devopstools_final.md,807,Ternary,https://ternary.app/,ternary,kept,Canonical occurrence retained
5_Monitoring-Observability/README.md,93,Ternary,https://ternary.app/,ternary,merged,Merged by normalized canonical URL; provenance preserved
devopstools_final.md,185,terraform-docs,https://terraform-docs.io/,terraform-docs,kept,Canonical occurrence retained
devopstools_final.md,189,Terragrunt,https://terragrunt.gruntwork.io/,terragrunt,kept,Canonical occurrence retained
2_Cloud-Infrastructure-Serverless/README.md,62,Terragrunt,https://terragrunt.gruntwork.io/,terragrunt,merged,Merged by normalized canonical URL; provenance preserved
devopstools_final.md,225,Terrateam,https://terrateam.io/,terrateam,kept,Canonical occurrence retained
2_Cloud-Infrastructure-Serverless/README.md,126,Terrateam,https://terrateam.io/,terrateam,merged,Merged by normalized canonical URL; provenance preserved
devopstools_final.md,1043,Testcontainers,https://testcontainers.com/,testcontainers,kept,Canonical occurrence retained
7_Development-Collaboration/README.md,19,Testcontainers,https://testcontainers.com/,testcontainers,merged,Merged by normalized canonical URL; provenance preserved
devopstools_final.md,1042,Testkube,https://testkube.io/,testkube,kept,Canonical occurrence retained
devopstools_final.md,1045,TestRigor,https://testrigor.com/,testrigor,kept,Canonical occurrence retained
7_Development-Collaboration/README.md,21,TestRigor,https://testrigor.com/,testrigor,merged,Merged by normalized canonical URL; provenance preserved
devopstools_final.md,916,testssl.sh,https://testssl.sh/,testssl-sh,kept,Canonical occurrence retained
6_Security/README.md,52,testssl.sh,https://testssl.sh/,testssl-sh,merged,Merged by normalized canonical URL; provenance preserved
devopstools_final.md,946,Tetragon,https://tetragon.io/,tetragon,kept,Canonical occurrence retained
devopstools_final.md,755,Thanos,https://thanos.io/,thanos,kept,Canonical occurrence retained
5_Monitoring-Observability/README.md,49,Thanos,https://thanos.io/,thanos,merged,Merged by normalized canonical URL; provenance preserved
devopstools_final.md,293,TiKV,https://tikv.org/,tikv,kept,Canonical occurrence retained
devopstools_final.md,1344,Timoni,https://timoni.sh/,timoni,kept,Canonical occurrence retained
10_Miscellaneous/README.md,106,Timoni,https://timoni.sh/,timoni,merged,Merged by normalized canonical URL; provenance preserved
devopstools_final.md,103,The Linux Documentation Project (TLDP),https://tldp.org/,the-linux-documentation-project-tldp,kept,Canonical occurrence retained
1_Foundational-Skills/README.md,24,The Linux Documentation Project (TLDP),https://tldp.org/,the-linux-documentation-project-tldp,merged,Merged by normalized canonical URL; provenance preserved
devopstools_final.md,342,To Be Continuous,https://to-be-continuous.gitlab.io/doc/,to-be-continuous,kept,Canonical occurrence retained
devopstools_final.md,459,Easykube,https://torloejborg.github.io/easykube/easykube/latest/,easykube,kept,Canonical occurrence retained
devopstools_final.md,783,Tracetest,https://tracetest.io/,tracetest,kept,Canonical occurrence retained
5_Monitoring-Observability/README.md,74,Tracetest,https://tracetest.io/,tracetest,merged,Merged by normalized canonical URL; provenance preserved
devopstools_final.md,98,Linux Foundation Training,https://training.linuxfoundation.org/?_sft_product_type=training,linux-foundation-training,kept,Canonical occurrence retained
1_Foundational-Skills/README.md,19,Linux Foundation Training,https://training.linuxfoundation.org/?_sft_product_type=training,linux-foundation-training,merged,Merged by normalized canonical URL; provenance preserved
devopstools_final.md,1295,Trendshift,https://trendshift.io/,trendshift,kept,Canonical occurrence retained
devopstools_final.md,688,Trilio,https://trilio.io/products/kubernetes-backup-and-recovery/,trilio,kept,Canonical occurrence retained
4_Kubernetes-Containers/README.md,184,Trilio,https://trilio.io/products/kubernetes-backup-and-recovery/,trilio,merged,Merged by normalized canonical URL; provenance preserved
devopstools_final.md,919,TruffleHog,https://trufflesecurity.com/,trufflehog,kept,Canonical occurrence retained
6_Security/README.md,55,TruffleHog,https://trufflesecurity.com/,trufflehog,merged,Merged by normalized canonical URL; provenance preserved
devopstools_final.md,1345,tty-share,https://tty-share.com/,tty-share,kept,Canonical occurrence retained
10_Miscellaneous/README.md,108,tty-share,https://tty-share.com/,tty-share,merged,Merged by normalized canonical URL; provenance preserved
devopstools_final.md,1073,tunnelto.dev,https://tunnelto.dev/,tunnelto-dev,kept,Canonical occurrence retained
devopstools_final.md,672,Typhoon,https://typhoon.psdn.io/,typhoon,kept,Canonical occurrence retained
devopstools_final.md,1104,Husky,https://typicode.github.io/husky/,husky,kept,Canonical occurrence retained
7_Development-Collaboration/README.md,66,Husky,https://typicode.github.io/husky/,husky,merged,Merged by normalized canonical URL; provenance preserved
devopstools_final.md,1139,Uncloud,https://uncloud.run/,uncloud,kept,Canonical occurrence retained
devopstools_final.md,425,Understand Anything,https://understand-anything.com/,understand-anything,kept,Canonical occurrence retained
devopstools_final.md,87,GitLab University,https://university.gitlab.com/,gitlab-university,kept,Canonical occurrence retained
1_Foundational-Skills/README.md,9,GitLab University,https://university.gitlab.com/,gitlab-university,merged,Merged by normalized canonical URL; provenance preserved
devopstools_final.md,271,Unraid,https://unraid.net/,unraid,kept,Canonical occurrence retained
2_Cloud-Infrastructure-Serverless/README.md,194,Unraid,https://unraid.net/,unraid,merged,Merged by normalized canonical URL; provenance preserved
devopstools_final.md,718,Uptime Kuma,https://uptime.kuma.pet/,uptime-kuma,kept,Canonical occurrence retained
5_Monitoring-Observability/README.md,22,Uptime Kuma,https://uptime.kuma.pet/,uptime-kuma,merged,Merged by normalized canonical URL; provenance preserved
devopstools_final.md,719,UptimeRobot,https://uptimerobot.com/,uptimerobot,kept,Canonical occurrence retained
5_Monitoring-Observability/README.md,23,UptimeRobot,https://uptimerobot.com/,uptimerobot,merged,Merged by normalized canonical URL; provenance preserved
devopstools_final.md,1298,Bottles,https://usebottles.com/,bottles,kept,Canonical occurrence retained
10_Miscellaneous/README.md,42,Bottles,https://usebottles.com/,bottles,merged,Merged by normalized canonical URL; provenance preserved
devopstools_final.md,1347,Valkey,https://valkey.io/,valkey,kept,Canonical occurrence retained
10_Miscellaneous/README.md,112,Valkey,https://valkey.io/,valkey,merged,Merged by normalized canonical URL; provenance preserved
devopstools_final.md,272,Vates VMS,https://vates.tech/en/,vates-vms,kept,Canonical occurrence retained
devopstools_final.md,503,KubeHatch,https://vclusterlabs-experiments.github.io/kubehatch/,kubehatch,kept,Canonical occurrence retained
devopstools_final.md,772,Vector,https://vector.dev/,vector,kept,Canonical occurrence retained
5_Monitoring-Observability/README.md,64,Vector,https://vector.dev/,vector,merged,Merged by normalized canonical URL; provenance preserved
devopstools_final.md,689,Velero,https://velero.io/,velero,kept,Canonical occurrence retained
4_Kubernetes-Containers/README.md,185,Velero,https://velero.io/,velero,merged,Merged by normalized canonical URL; provenance preserved
devopstools_final.md,756,VictoriaMetrics,https://victoriametrics.com/,victoriametrics,kept,Canonical occurrence retained
5_Monitoring-Observability/README.md,50,VictoriaMetrics,https://victoriametrics.com/,victoriametrics,merged,Merged by normalized canonical URL; provenance preserved
devopstools_final.md,635,Vitess,https://vitess.io/,vitess,kept,Canonical occurrence retained
4_Kubernetes-Containers/README.md,139,Vitess,https://vitess.io/,vitess,merged,Merged by normalized canonical URL; provenance preserved
devopstools_final.md,1047,Vitest,https://vitest.dev/,vitest,kept,Canonical occurrence retained
7_Development-Collaboration/README.md,23,Vitest,https://vitest.dev/,vitest,merged,Merged by normalized canonical URL; provenance preserved
devopstools_final.md,690,VolSync,https://volsync.readthedocs.io/,volsync,kept,Canonical occurrence retained
4_Kubernetes-Containers/README.md,186,VolSync,https://volsync.readthedocs.io/,volsync,merged,Merged by normalized canonical URL; provenance preserved
devopstools_final.md,1248,VoltAgent,https://voltagent.dev/,voltagent,kept,Canonical occurrence retained
devopstools_final.md,1083,VSCodium,https://vscodium.com/,vscodium,kept,Canonical occurrence retained
7_Development-Collaboration/README.md,49,VSCodium,https://vscodium.com/,vscodium,merged,Merged by normalized canonical URL; provenance preserved
devopstools_final.md,922,Wazuh,https://wazuh.com/,wazuh,kept,Canonical occurrence retained
devopstools_final.md,1026,WeKan,https://wekan.fi/,wekan,kept,Canonical occurrence retained
devopstools_final.md,364,werf,https://werf.io/,werf,kept,Canonical occurrence retained
3_CI-CD-Automation/README.md,98,werf,https://werf.io/,werf,merged,Merged by normalized canonical URL; provenance preserved
devopstools_final.md,1074,WezTerm,https://wezterm.org/,wezterm,kept,Canonical occurrence retained
devopstools_final.md,981,OpenStack Barbican,https://wiki.openstack.org/wiki/Barbican,openstack-barbican,kept,Canonical occurrence retained
6_Security/README.md,92,OpenStack Barbican,https://wiki.openstack.org/wiki/Barbican,openstack-barbican,merged,Merged by normalized canonical URL; provenance preserved
devopstools_final.md,426,Windsurf,https://windsurf.com/,windsurf,kept,Canonical occurrence retained
3_CI-CD-Automation/README.md,186,Windsurf,https://windsurf.com/,windsurf,merged,Merged by normalized canonical URL; provenance preserved
devopstools_final.md,799,Kubernetes Capacity Calculator,https://wintelguy.com/kubernetes-capacity-calculator.pl,kubernetes-capacity-calculator,kept,Canonical occurrence retained
devopstools_final.md,344,Woodpecker CI,https://woodpecker-ci.org/,woodpecker-ci,kept,Canonical occurrence retained
3_CI-CD-Automation/README.md,68,Woodpecker CI,https://woodpecker-ci.org/,woodpecker-ci,merged,Merged by normalized canonical URL; provenance preserved
devopstools_final.md,637,Wozz,https://wozz.io/index.html,wozz,kept,Canonical occurrence retained
4_Kubernetes-Containers/README.md,141,Wozz,https://wozz.io/index.html,wozz,merged,Merged by normalized canonical URL; provenance preserved
devopstools_final.md,973,1Password Connect,https://www.1password.dev/connect,1password-connect,kept,Canonical occurrence retained
devopstools_final.md,964,RITA,https://www.activecountermeasures.com/free-tools/rita/,rita,kept,Canonical occurrence retained
devopstools_final.md,401,Activepieces,https://www.activepieces.com/,activepieces,kept,Canonical occurrence retained
3_CI-CD-Automation/README.md,160,Activepieces,https://www.activepieces.com/,activepieces,merged,Merged by normalized canonical URL; provenance preserved
devopstools_final.md,1230,AGENTMEMORY,https://www.agent-memory.dev/,agentmemory,kept,Canonical occurrence retained
devopstools_final.md,839,Aikido,https://www.aikido.dev/,aikido,kept,Canonical occurrence retained
devopstools_final.md,1212,AITMPL Agents,https://www.aitmpl.com/agents,aitmpl-agents,kept,Canonical occurrence retained
9_AI-MLOps/README.md,40,AITMPL Agents,https://www.aitmpl.com/agents,aitmpl-agents,merged,Merged by normalized canonical URL; provenance preserved
devopstools_final.md,228,Alpine Linux,https://www.alpinelinux.org/,alpine-linux,kept,Canonical occurrence retained
2_Cloud-Infrastructure-Serverless/README.md,130,Alpine Linux,https://www.alpinelinux.org/,alpine-linux,merged,Merged by normalized canonical URL; provenance preserved
devopstools_final.md,194,Ansible,https://www.ansible.com/,ansible,kept,Canonical occurrence retained
2_Cloud-Infrastructure-Serverless/README.md,68,Ansible,https://www.ansible.com/,ansible,merged,Merged by normalized canonical URL; provenance preserved
devopstools_final.md,786,Apptio Cloudability,https://www.apptio.com/products/cloudability/,apptio-cloudability,kept,Canonical occurrence retained
5_Monitoring-Observability/README.md,77,Apptio Cloudability,https://www.apptio.com/products/cloudability/,apptio-cloudability,merged,Merged by normalized canonical URL; provenance preserved
devopstools_final.md,800,Kubecost (Apptio),https://www.apptio.com/products/kubecost/,kubecost-apptio,kept,Canonical occurrence retained
5_Monitoring-Observability/README.md,87,Kubecost (Apptio),https://www.apptio.com/products/kubecost/,kubecost-apptio,merged,Merged by normalized canonical URL; provenance preserved
devopstools_final.md,841,Arnica,https://www.arnica.io/,arnica,kept,Canonical occurrence retained
devopstools_final.md,1030,Artillery,https://www.artillery.io/,artillery,kept,Canonical occurrence retained
7_Development-Collaboration/README.md,9,Artillery,https://www.artillery.io/,artillery,merged,Merged by normalized canonical URL; provenance preserved
devopstools_final.md,311,Bamboo,https://www.atlassian.com/software/bamboo,bamboo,kept,Canonical occurrence retained
3_CI-CD-Automation/README.md,10,Bamboo,https://www.atlassian.com/software/bamboo,bamboo,merged,Merged by normalized canonical URL; provenance preserved
devopstools_final.md,312,Bitbucket Pipelines,https://www.atlassian.com/software/bitbucket/features/pipelines,bitbucket-pipelines,kept,Canonical occurrence retained
3_CI-CD-Automation/README.md,12,Bitbucket Pipelines,https://www.atlassian.com/software/bitbucket/features/pipelines,bitbucket-pipelines,merged,Merged by normalized canonical URL; provenance preserved
devopstools_final.md,1022,Confluence,https://www.atlassian.com/software/confluence,confluence,kept,Canonical occurrence retained
devopstools_final.md,1023,Jira,https://www.atlassian.com/software/jira,jira,kept,Canonical occurrence retained
7_Development-Collaboration/README.md,4,Jira,https://www.atlassian.com/software/jira,jira,merged,Merged by normalized canonical URL; provenance preserved
devopstools_final.md,121,Azure DevOps Labs,https://www.azuredevopslabs.com/,azure-devops-labs,kept,Canonical occurrence retained
1_Foundational-Skills/README.md,42,Azure DevOps Labs,https://www.azuredevopslabs.com/,azure-devops-labs,merged,Merged by normalized canonical URL; provenance preserved
devopstools_final.md,122,Azure Mastery,https://www.azurekt.com/,azure-mastery,kept,Canonical occurrence retained
devopstools_final.md,1304,Barbara,https://www.barbara.tech/,barbara,kept,Canonical occurrence retained
10_Miscellaneous/README.md,52,Barbara,https://www.barbara.tech/,barbara,merged,Merged by normalized canonical URL; provenance preserved
devopstools_final.md,1305,BMC Control-M,https://www.bmc.com/it-solutions/control-m.html,bmc-control-m,kept,Canonical occurrence retained
10_Miscellaneous/README.md,54,BMC Control-M,https://www.bmc.com/it-solutions/control-m.html,bmc-control-m,merged,Merged by normalized canonical URL; provenance preserved
devopstools_final.md,683,BorgBackup,https://www.borgbackup.org/,borgbackup,kept,Canonical occurrence retained
4_Kubernetes-Containers/README.md,179,BorgBackup,https://www.borgbackup.org/,borgbackup,merged,Merged by normalized canonical URL; provenance preserved
devopstools_final.md,1306,Brainboard,https://www.brainboard.co/,brainboard,kept,Canonical occurrence retained
10_Miscellaneous/README.md,56,Brainboard,https://www.brainboard.co/,brainboard,merged,Merged by normalized canonical URL; provenance preserved
devopstools_final.md,1307,Braintrust,https://www.braintrust.dev/,braintrust,kept,Canonical occurrence retained
10_Miscellaneous/README.md,58,Braintrust,https://www.braintrust.dev/,braintrust,merged,Merged by normalized canonical URL; provenance preserved
devopstools_final.md,790,CloudHealth,https://www.broadcom.com/products/software/finops/cloudhealth,cloudhealth,kept,Canonical occurrence retained
devopstools_final.md,696,AppNeta,https://www.broadcom.com/products/software/network-management/appneta,appneta,kept,Canonical occurrence retained
5_Monitoring-Observability/README.md,5,AppNeta,https://www.broadcom.com/products/software/network-management/appneta,appneta,merged,Merged by normalized canonical URL; provenance preserved
devopstools_final.md,1051,BrowserStack App Automate,https://www.browserstack.com/app-automate,browserstack-app-automate,kept,Canonical occurrence retained
7_Development-Collaboration/README.md,27,BrowserStack App Automate,https://www.browserstack.com/app-automate,browserstack-app-automate,merged,Merged by normalized canonical URL; provenance preserved
devopstools_final.md,534,BunkerWeb,https://www.bunkerweb.io/,bunkerweb,kept,Canonical occurrence retained
devopstools_final.md,843,BunkerWeb,https://www.bunkerweb.io/,bunkerweb,merged,Merged by normalized canonical URL; provenance preserved
4_Kubernetes-Containers/README.md,73,BunkerWeb,https://www.bunkerweb.io/,bunkerweb,merged,Merged by normalized canonical URL; provenance preserved
6_Security/README.md,9,BunkerWeb,https://www.bunkerweb.io/,bunkerweb,merged,Merged by normalized canonical URL; provenance preserved
devopstools_final.md,1130,Bunnyshell,https://www.bunnyshell.com/,bunnyshell,kept,Canonical occurrence retained
devopstools_final.md,698,Cacti,https://www.cacti.net/,cacti,kept,Canonical occurrence retained
5_Monitoring-Observability/README.md,6,Cacti,https://www.cacti.net/,cacti,merged,Merged by normalized canonical URL; provenance preserved
devopstools_final.md,929,Calico Cloud,https://www.calicocloud.io/home,calico-cloud,kept,Canonical occurrence retained
6_Security/README.md,61,Calico Cloud,https://www.calicocloud.io/home,calico-cloud,merged,Merged by normalized canonical URL; provenance preserved
devopstools_final.md,951,Cato Networks,https://www.catonetworks.com/,cato-networks,kept,Canonical occurrence retained
6_Security/README.md,78,Cato Networks,https://www.catonetworks.com/,cato-networks,merged,Merged by normalized canonical URL; provenance preserved
devopstools_final.md,931,Cedar Policy,https://www.cedarpolicy.com/en,cedar-policy,kept,Canonical occurrence retained
6_Security/README.md,63,Cedar Policy,https://www.cedarpolicy.com/en,cedar-policy,merged,Merged by normalized canonical URL; provenance preserved
devopstools_final.md,699,Centreon,https://www.centreon.com/,centreon,kept,Canonical occurrence retained
5_Monitoring-Observability/README.md,7,Centreon,https://www.centreon.com/,centreon,merged,Merged by normalized canonical URL; provenance preserved
devopstools_final.md,988,CertMate,https://www.certmate.org/,certmate,kept,Canonical occurrence retained
6_Security/README.md,98,CertMate,https://www.certmate.org/,certmate,merged,Merged by normalized canonical URL; provenance preserved
devopstools_final.md,847,Chainguard,https://www.chainguard.dev/,chainguard,kept,Canonical occurrence retained
6_Security/README.md,13,Chainguard,https://www.chainguard.dev/,chainguard,merged,Merged by normalized canonical URL; provenance preserved
devopstools_final.md,1308,Chapril Services,https://www.chapril.org/-services-.html,chapril-services,kept,Canonical occurrence retained
devopstools_final.md,196,Chef,https://www.chef.io/,chef,kept,Canonical occurrence retained
2_Cloud-Infrastructure-Serverless/README.md,72,Chef,https://www.chef.io/,chef,merged,Merged by normalized canonical URL; provenance preserved
devopstools_final.md,152,Civo,https://www.civo.com/,civo,kept,Canonical occurrence retained
2_Cloud-Infrastructure-Serverless/README.md,8,Civo,https://www.civo.com/,civo,merged,Merged by normalized canonical URL; provenance preserved
devopstools_final.md,318,CloudBees,https://www.cloudbees.com/,cloudbees,kept,Canonical occurrence retained
3_CI-CD-Automation/README.md,24,CloudBees,https://www.cloudbees.com/,cloudbees,merged,Merged by normalized canonical URL; provenance preserved
devopstools_final.md,789,CloudBolt Cloud Operations,https://www.cloudbolt.io/solutions/cloud-operations-and-data-center-operations/,cloudbolt-cloud-operations,kept,Canonical occurrence retained
5_Monitoring-Observability/README.md,79,CloudBolt Cloud Operations,https://www.cloudbolt.io/solutions/cloud-operations-and-data-center-operations/,cloudbolt-cloud-operations,merged,Merged by normalized canonical URL; provenance preserved
devopstools_final.md,300,CloudFuze,https://www.cloudfuze.com/,cloudfuze,kept,Canonical occurrence retained
2_Cloud-Infrastructure-Serverless/README.md,228,CloudFuze,https://www.cloudfuze.com/,cloudfuze,merged,Merged by normalized canonical URL; provenance preserved
devopstools_final.md,791,CloudZero,https://www.cloudzero.com/,cloudzero,kept,Canonical occurrence retained
5_Monitoring-Observability/README.md,80,CloudZero,https://www.cloudzero.com/,cloudzero,merged,Merged by normalized canonical URL; provenance preserved
devopstools_final.md,123,CNCF Free Courses,https://www.cncf.io/training/courses/?_sfm_lf_course_free=1,cncf-free-courses,kept,Canonical occurrence retained
1_Foundational-Skills/README.md,43,CNCF Free Courses,https://www.cncf.io/training/courses/?_sfm_lf_course_free=1,cncf-free-courses,merged,Merged by normalized canonical URL; provenance preserved
devopstools_final.md,851,Codiga,https://www.codiga.io/,codiga,kept,Canonical occurrence retained
6_Security/README.md,16,Codiga,https://www.codiga.io/,codiga,merged,Merged by normalized canonical URL; provenance preserved
devopstools_final.md,544,Compute Gardener,https://www.compute-gardener.com/,compute-gardener,kept,Canonical occurrence retained
4_Kubernetes-Containers/README.md,81,Compute Gardener,https://www.compute-gardener.com/,compute-gardener,merged,Merged by normalized canonical URL; provenance preserved
devopstools_final.md,301,Concierto Cloud,https://www.concierto.cloud/,concierto-cloud,kept,Canonical occurrence retained
2_Cloud-Infrastructure-Serverless/README.md,230,Concierto Cloud,https://www.concierto.cloud/,concierto-cloud,merged,Merged by normalized canonical URL; provenance preserved
devopstools_final.md,197,ConfigHub,https://www.confighub.com/,confighub,kept,Canonical occurrence retained
2_Cloud-Infrastructure-Serverless/README.md,74,ConfigHub,https://www.confighub.com/,confighub,merged,Merged by normalized canonical URL; provenance preserved
devopstools_final.md,933,Conftest,https://www.conftest.dev/,conftest,kept,Canonical occurrence retained
6_Security/README.md,65,Conftest,https://www.conftest.dev/,conftest,merged,Merged by normalized canonical URL; provenance preserved
devopstools_final.md,1015,HashiCorp Consul,https://www.consul.io/,hashicorp-consul,kept,Canonical occurrence retained
6_Security/README.md,120,HashiCorp Consul,https://www.consul.io/,hashicorp-consul,merged,Merged by normalized canonical URL; provenance preserved
devopstools_final.md,415,Continue,https://www.continue.dev/,continue,kept,Canonical occurrence retained
3_CI-CD-Automation/README.md,176,Continue,https://www.continue.dev/,continue,merged,Merged by normalized canonical URL; provenance preserved
devopstools_final.md,765,Gonzo,https://www.controltheory.com/gonzo,gonzo,kept,Canonical occurrence retained
devopstools_final.md,1132,Convox,https://www.convox.com/,convox,kept,Canonical occurrence retained
7_Development-Collaboration/README.md,89,Convox,https://www.convox.com/,convox,merged,Merged by normalized canonical URL; provenance preserved
devopstools_final.md,175,Crossplane,https://www.crossplane.io/,crossplane,kept,Canonical occurrence retained
2_Cloud-Infrastructure-Serverless/README.md,44,Crossplane,https://www.crossplane.io/,crossplane,merged,Merged by normalized canonical URL; provenance preserved
devopstools_final.md,935,CrowdSec,https://www.crowdsec.net/,crowdsec,kept,Canonical occurrence retained
6_Security/README.md,66,CrowdSec,https://www.crowdsec.net/,crowdsec,merged,Merged by normalized canonical URL; provenance preserved
devopstools_final.md,1031,Cypress,https://www.cypress.io/,cypress,kept,Canonical occurrence retained
7_Development-Collaboration/README.md,10,Cypress,https://www.cypress.io/,cypress,merged,Merged by normalized canonical URL; provenance preserved
devopstools_final.md,792,Dash0,https://www.dash0.com/,dash0,kept,Canonical occurrence retained
5_Monitoring-Observability/README.md,81,Dash0,https://www.dash0.com/,dash0,merged,Merged by normalized canonical URL; provenance preserved
devopstools_final.md,702,Datadog,https://www.datadoghq.com/,datadog,kept,Canonical occurrence retained
5_Monitoring-Observability/README.md,10,Datadog,https://www.datadoghq.com/,datadog,merged,Merged by normalized canonical URL; provenance preserved
devopstools_final.md,793,Datadog Cloud Cost Management,https://www.datadoghq.com/product/cloud-cost-management/,datadog-cloud-cost-management,kept,Canonical occurrence retained
5_Monitoring-Observability/README.md,82,Datadog Cloud Cost Management,https://www.datadoghq.com/product/cloud-cost-management/,datadog-cloud-cost-management,merged,Merged by normalized canonical URL; provenance preserved
devopstools_final.md,456,Datree,https://www.datree.io/,datree,kept,Canonical occurrence retained
4_Kubernetes-Containers/README.md,24,Datree,https://www.datree.io/,datree,merged,Merged by normalized canonical URL; provenance preserved
devopstools_final.md,1180,DeepSpeed,https://www.deepspeed.ai/,deepspeed,kept,Canonical occurrence retained
devopstools_final.md,1002,Descope,https://www.descope.com/,descope,kept,Canonical occurrence retained
devopstools_final.md,125,DevOps Community,https://www.devopscommunity.in/,devops-community,kept,Canonical occurrence retained
1_Foundational-Skills/README.md,45,DevOps Community,https://www.devopscommunity.in/,devops-community,merged,Merged by normalized canonical URL; provenance preserved
devopstools_final.md,936,DigiCert,https://www.digicert.com/,digicert,kept,Canonical occurrence retained
6_Security/README.md,67,DigiCert,https://www.digicert.com/,digicert,merged,Merged by normalized canonical URL; provenance preserved
devopstools_final.md,153,DigitalOcean,https://www.digitalocean.com/,digitalocean,kept,Canonical occurrence retained
2_Cloud-Infrastructure-Serverless/README.md,10,DigitalOcean,https://www.digitalocean.com/,digitalocean,merged,Merged by normalized canonical URL; provenance preserved
devopstools_final.md,237,Docker Desktop,https://www.docker.com/products/docker-desktop/,docker-desktop,kept,Canonical occurrence retained
2_Cloud-Infrastructure-Serverless/README.md,144,Docker Desktop,https://www.docker.com/products/docker-desktop/,docker-desktop,merged,Merged by normalized canonical URL; provenance preserved
devopstools_final.md,370,Docker Hub,https://www.docker.com/products/docker-hub/,docker-hub,kept,Canonical occurrence retained
3_CI-CD-Automation/README.md,108,Docker Hub,https://www.docker.com/products/docker-hub/,docker-hub,merged,Merged by normalized canonical URL; provenance preserved
devopstools_final.md,354,Docker Offload,https://www.docker.com/products/docker-offload/,docker-offload,kept,Canonical occurrence retained
3_CI-CD-Automation/README.md,84,Docker Offload,https://www.docker.com/products/docker-offload/,docker-offload,merged,Merged by normalized canonical URL; provenance preserved
devopstools_final.md,976,Doppler,https://www.doppler.com/,doppler,kept,Canonical occurrence retained
6_Security/README.md,89,Doppler,https://www.doppler.com/,doppler,merged,Merged by normalized canonical URL; provenance preserved
devopstools_final.md,1086,drawDB,https://www.drawdb.app/,drawdb,kept,Canonical occurrence retained
7_Development-Collaboration/README.md,52,drawDB,https://www.drawdb.app/,drawdb,merged,Merged by normalized canonical URL; provenance preserved
devopstools_final.md,323,Drone,https://www.drone.io/,drone,kept,Canonical occurrence retained
3_CI-CD-Automation/README.md,32,Drone,https://www.drone.io/,drone,merged,Merged by normalized canonical URL; provenance preserved
devopstools_final.md,703,Dynatrace,https://www.dynatrace.com/,dynatrace,kept,Canonical occurrence retained
5_Monitoring-Observability/README.md,11,Dynatrace,https://www.dynatrace.com/,dynatrace,merged,Merged by normalized canonical URL; provenance preserved
devopstools_final.md,761,Elastic Stack (ELK),https://www.elastic.co/elastic-stack/,elastic-stack-elk,kept,Canonical occurrence retained
5_Monitoring-Observability/README.md,54,Elastic Stack (ELK),https://www.elastic.co/elastic-stack/,elastic-stack-elk,merged,Merged by normalized canonical URL; provenance preserved
devopstools_final.md,766,Logstash,https://www.elastic.co/logstash/,logstash,kept,Canonical occurrence retained
5_Monitoring-Observability/README.md,58,Logstash,https://www.elastic.co/logstash/,logstash,merged,Merged by normalized canonical URL; provenance preserved
devopstools_final.md,776,Elastic APM Server,https://www.elastic.co/observability/application-performance-monitoring,elastic-apm-server,kept,Canonical occurrence retained
5_Monitoring-Observability/README.md,68,Elastic APM Server,https://www.elastic.co/observability/application-performance-monitoring,elastic-apm-server,merged,Merged by normalized canonical URL; provenance preserved
devopstools_final.md,990,Entrust KeyControl,https://www.entrust.com/products/key-management/keycontrol,entrust-keycontrol,kept,Canonical occurrence retained
6_Security/README.md,100,Entrust KeyControl,https://www.entrust.com/products/key-management/keycontrol,entrust-keycontrol,merged,Merged by normalized canonical URL; provenance preserved
devopstools_final.md,220,Env0,https://www.env0.com/,env0,kept,Canonical occurrence retained
2_Cloud-Infrastructure-Serverless/README.md,116,Env0,https://www.env0.com/,env0,merged,Merged by normalized canonical URL; provenance preserved
devopstools_final.md,1322,Eraser DiagramGPT,https://www.eraser.io/diagramgpt,eraser-diagramgpt,kept,Canonical occurrence retained
10_Miscellaneous/README.md,72,Eraser DiagramGPT,https://www.eraser.io/diagramgpt,eraser-diagramgpt,merged,Merged by normalized canonical URL; provenance preserved
devopstools_final.md,1258,EveryDev.ai,https://www.everydev.ai/,everydev-ai,kept,Canonical occurrence retained
devopstools_final.md,154,Exoway,https://www.exoway.io/,exoway,kept,Canonical occurrence retained
2_Cloud-Infrastructure-Serverless/README.md,12,Exoway,https://www.exoway.io/,exoway,merged,Merged by normalized canonical URL; provenance preserved
devopstools_final.md,860,F5 WAF for NGINX,https://www.f5.com/products/nginx/f5-waf-for-nginx,f5-waf-for-nginx,kept,Canonical occurrence retained
6_Security/README.md,24,F5 WAF for NGINX,https://www.f5.com/products/nginx/f5-waf-for-nginx,f5-waf-for-nginx,merged,Merged by normalized canonical URL; provenance preserved
devopstools_final.md,794,Finout,https://www.finout.io/,finout,kept,Canonical occurrence retained
5_Monitoring-Observability/README.md,83,Finout,https://www.finout.io/,finout,merged,Merged by normalized canonical URL; provenance preserved
devopstools_final.md,242,Flatcar Container Linux,https://www.flatcar.org/,flatcar-container-linux,kept,Canonical occurrence retained
2_Cloud-Infrastructure-Serverless/README.md,152,Flatcar Container Linux,https://www.flatcar.org/,flatcar-container-linux,merged,Merged by normalized canonical URL; provenance preserved
devopstools_final.md,795,Flexera One,https://www.flexera.com/products/flexera-one,flexera-one,kept,Canonical occurrence retained
5_Monitoring-Observability/README.md,84,Flexera One,https://www.flexera.com/products/flexera-one,flexera-one,merged,Merged by normalized canonical URL; provenance preserved
devopstools_final.md,763,Fluentd,https://www.fluentd.org/,fluentd,kept,Canonical occurrence retained
5_Monitoring-Observability/README.md,56,Fluentd,https://www.fluentd.org/,fluentd,merged,Merged by normalized canonical URL; provenance preserved
devopstools_final.md,95,freeCodeCamp,https://www.freecodecamp.org/,freecodecamp,kept,Canonical occurrence retained
devopstools_final.md,114,freeCodeCamp,https://www.freecodecamp.org/,freecodecamp,merged,Merged by normalized canonical URL; provenance preserved
1_Foundational-Skills/README.md,17,freeCodeCamp,https://www.freecodecamp.org/,freecodecamp,merged,Merged by normalized canonical URL; provenance preserved
1_Foundational-Skills/README.md,35,freeCodeCamp,https://www.freecodecamp.org/,freecodecamp,merged,Merged by normalized canonical URL; provenance preserved
devopstools_final.md,1285,FreeCodeCamp DevOps,https://www.freecodecamp.org/news/tag/devops/,freecodecamp-devops,kept,Canonical occurrence retained
10_Miscellaneous/README.md,32,FreeCodeCamp DevOps,https://www.freecodecamp.org/news/tag/devops/,freecodecamp-devops,merged,Merged by normalized canonical URL; provenance preserved
devopstools_final.md,991,Futurex KMES Series 3,https://www.futurex.com/products/key-management-server/kmes-series-3,futurex-kmes-series-3,kept,Canonical occurrence retained
6_Security/README.md,101,Futurex KMES Series 3,https://www.futurex.com/products/key-management-server/kmes-series-3,futurex-kmes-series-3,merged,Merged by normalized canonical URL; provenance preserved
devopstools_final.md,1048,Xray,https://www.getxray.app/,xray,kept,Canonical occurrence retained
7_Development-Collaboration/README.md,24,Xray,https://www.getxray.app/,xray,merged,Merged by normalized canonical URL; provenance preserved
devopstools_final.md,92,Bash,https://www.gnu.org/software/bash/,bash,kept,Canonical occurrence retained
1_Foundational-Skills/README.md,14,Bash,https://www.gnu.org/software/bash/,bash,merged,Merged by normalized canonical URL; provenance preserved
devopstools_final.md,326,GoCD,https://www.gocd.org/,gocd,kept,Canonical occurrence retained
3_CI-CD-Automation/README.md,38,GoCD,https://www.gocd.org/,gocd,merged,Merged by normalized canonical URL; provenance preserved
devopstools_final.md,1165,Gremlin,https://www.gremlin.com/,gremlin,kept,Canonical occurrence retained
8_Chaos-Engineering/README.md,14,Gremlin,https://www.gremlin.com/,gremlin,merged,Merged by normalized canonical URL; provenance preserved
devopstools_final.md,1044,TestRail,https://www.gurock.com/testrail/,testrail,kept,Canonical occurrence retained
7_Development-Collaboration/README.md,20,TestRail,https://www.gurock.com/testrail/,testrail,merged,Merged by normalized canonical URL; provenance preserved
devopstools_final.md,561,HAProxy Data Plane API,https://www.haproxy.com/documentation/dataplaneapi/,haproxy-data-plane-api,kept,Canonical occurrence retained
devopstools_final.md,573,HAProxy Kubernetes Ingress Controller,https://www.haproxy.com/documentation/kubernetes-ingress/,haproxy-kubernetes-ingress-controller,kept,Canonical occurrence retained
devopstools_final.md,560,HAProxy,https://www.haproxy.org/,haproxy,kept,Canonical occurrence retained
4_Kubernetes-Containers/README.md,90,HAProxy,https://www.haproxy.org/,haproxy,merged,Merged by normalized canonical URL; provenance preserved
devopstools_final.md,156,Heroku,https://www.heroku.com/,heroku,kept,Canonical occurrence retained
2_Cloud-Infrastructure-Serverless/README.md,16,Heroku,https://www.heroku.com/,heroku,merged,Merged by normalized canonical URL; provenance preserved
devopstools_final.md,997,XCA,https://www.hohnstaedt.de/xca/,xca,kept,Canonical occurrence retained
6_Security/README.md,107,XCA,https://www.hohnstaedt.de/xca/,xca,merged,Merged by normalized canonical URL; provenance preserved
devopstools_final.md,705,Honeycomb,https://www.honeycomb.io/,honeycomb,kept,Canonical occurrence retained
devopstools_final.md,870,Hybrid Analysis,https://www.hybrid-analysis.com/,hybrid-analysis,kept,Canonical occurrence retained
devopstools_final.md,748,HyperDX,https://www.hyperdx.io/,hyperdx,kept,Canonical occurrence retained
5_Monitoring-Observability/README.md,43,HyperDX,https://www.hyperdx.io/,hyperdx,merged,Merged by normalized canonical URL; provenance preserved
devopstools_final.md,157,IBM Cloud,https://www.ibm.com/cloud,ibm-cloud,kept,Canonical occurrence retained
2_Cloud-Infrastructure-Serverless/README.md,18,IBM Cloud,https://www.ibm.com/cloud,ibm-cloud,merged,Merged by normalized canonical URL; provenance preserved
devopstools_final.md,992,IBM Guardium Key Lifecycle Manager,https://www.ibm.com/products/guardium-key-lifecycle-manager,ibm-guardium-key-lifecycle-manager,kept,Canonical occurrence retained
6_Security/README.md,102,IBM Guardium Key Lifecycle Manager,https://www.ibm.com/products/guardium-key-lifecycle-manager,ibm-guardium-key-lifecycle-manager,merged,Merged by normalized canonical URL; provenance preserved
devopstools_final.md,796,IBM Turbonomic Cloud Optimization,https://www.ibm.com/products/turbonomic/cloud-optimization,ibm-turbonomic-cloud-optimization,kept,Canonical occurrence retained
5_Monitoring-Observability/README.md,85,IBM Turbonomic Cloud Optimization,https://www.ibm.com/products/turbonomic/cloud-optimization,ibm-turbonomic-cloud-optimization,merged,Merged by normalized canonical URL; provenance preserved
devopstools_final.md,749,InfluxData,https://www.influxdata.com/,influxdata,kept,Canonical occurrence retained
5_Monitoring-Observability/README.md,44,InfluxData,https://www.influxdata.com/,influxdata,merged,Merged by normalized canonical URL; provenance preserved
devopstools_final.md,754,Telegraf,https://www.influxdata.com/time-series-platform/telegraf/,telegraf,kept,Canonical occurrence retained
5_Monitoring-Observability/README.md,48,Telegraf,https://www.influxdata.com/time-series-platform/telegraf/,telegraf,merged,Merged by normalized canonical URL; provenance preserved
devopstools_final.md,1325,Informatica,https://www.informatica.com/,informatica,kept,Canonical occurrence retained
10_Miscellaneous/README.md,76,Informatica,https://www.informatica.com/,informatica,merged,Merged by normalized canonical URL; provenance preserved
devopstools_final.md,176,Infracost,https://www.infracost.io/,infracost,kept,Canonical occurrence retained
2_Cloud-Infrastructure-Serverless/README.md,46,Infracost,https://www.infracost.io/,infracost,merged,Merged by normalized canonical URL; provenance preserved
devopstools_final.md,955,Iroh,https://www.iroh.computer/,iroh,kept,Canonical occurrence retained
devopstools_final.md,872,ISMS Builder,https://www.isms-builder.com/,isms-builder,kept,Canonical occurrence retained
devopstools_final.md,779,Jaeger,https://www.jaegertracing.io/,jaeger,kept,Canonical occurrence retained
5_Monitoring-Observability/README.md,71,Jaeger,https://www.jaegertracing.io/,jaeger,merged,Merged by normalized canonical URL; provenance preserved
devopstools_final.md,329,Jenkins,https://www.jenkins.io/,jenkins,kept,Canonical occurrence retained
3_CI-CD-Automation/README.md,44,Jenkins,https://www.jenkins.io/,jenkins,merged,Merged by normalized canonical URL; provenance preserved
devopstools_final.md,1080,IntelliJ IDEA,https://www.jetbrains.com/idea/,intellij-idea,kept,Canonical occurrence retained
7_Development-Collaboration/README.md,46,IntelliJ IDEA,https://www.jetbrains.com/idea/,intellij-idea,merged,Merged by normalized canonical URL; provenance preserved
devopstools_final.md,1081,PyCharm,https://www.jetbrains.com/pycharm/,pycharm,kept,Canonical occurrence retained
7_Development-Collaboration/README.md,47,PyCharm,https://www.jetbrains.com/pycharm/,pycharm,merged,Merged by normalized canonical URL; provenance preserved
devopstools_final.md,340,TeamCity,https://www.jetbrains.com/teamcity/,teamcity,kept,Canonical occurrence retained
3_CI-CD-Automation/README.md,62,TeamCity,https://www.jetbrains.com/teamcity/,teamcity,merged,Merged by normalized canonical URL; provenance preserved
devopstools_final.md,1009,JumpServer,https://www.jumpserver.com/,jumpserver,kept,Canonical occurrence retained
6_Security/README.md,116,JumpServer,https://www.jumpserver.com/,jumpserver,merged,Merged by normalized canonical URL; provenance preserved
devopstools_final.md,467,K8s Diagram Builder,https://www.k8sdiagram.fun/,k8s-diagram-builder,kept,Canonical occurrence retained
devopstools_final.md,685,Kasten K10,https://www.kasten.io/,kasten-k10,kept,Canonical occurrence retained
4_Kubernetes-Containers/README.md,181,Kasten K10,https://www.kasten.io/,kasten-k10,merged,Merged by normalized canonical URL; provenance preserved
devopstools_final.md,582,KCL,https://www.kcl-lang.io/,kcl,kept,Canonical occurrence retained
4_Kubernetes-Containers/README.md,107,KCL,https://www.kcl-lang.io/,kcl,merged,Merged by normalized canonical URL; provenance preserved
devopstools_final.md,1003,Keycloak,https://www.keycloak.org/,keycloak,kept,Canonical occurrence retained
6_Security/README.md,111,Keycloak,https://www.keycloak.org/,keycloak,merged,Merged by normalized canonical URL; provenance preserved
devopstools_final.md,875,Kiuwan,https://www.kiuwan.com/,kiuwan,kept,Canonical occurrence retained
6_Security/README.md,30,Kiuwan,https://www.kiuwan.com/,kiuwan,merged,Merged by normalized canonical URL; provenance preserved
devopstools_final.md,479,Kontroler,https://www.kontroler.dev/,kontroler,kept,Canonical occurrence retained
devopstools_final.md,590,Kratix,https://www.kratix.io/,kratix,kept,Canonical occurrence retained
4_Kubernetes-Containers/README.md,113,Kratix,https://www.kratix.io/,kratix,merged,Merged by normalized canonical URL; provenance preserved
devopstools_final.md,596,Kube-OVN,https://www.kube-ovn.io/,kube-ovn,kept,Canonical occurrence retained
4_Kubernetes-Containers/README.md,117,Kube-OVN,https://www.kube-ovn.io/,kube-ovn,merged,Merged by normalized canonical URL; provenance preserved
devopstools_final.md,501,Kubeflow,https://www.kubeflow.org/,kubeflow,kept,Canonical occurrence retained
4_Kubernetes-Containers/README.md,50,Kubeflow,https://www.kubeflow.org/,kubeflow,merged,Merged by normalized canonical URL; provenance preserved
devopstools_final.md,442,KubeSolo,https://www.kubesolo.io/,kubesolo,kept,Canonical occurrence retained
devopstools_final.md,509,Kubetail,https://www.kubetail.com/,kubetail,kept,Canonical occurrence retained
devopstools_final.md,1191,LangChain,https://www.langchain.com/,langchain,kept,Canonical occurrence retained
9_AI-MLOps/README.md,16,LangChain,https://www.langchain.com/,langchain,merged,Merged by normalized canonical URL; provenance preserved
devopstools_final.md,1193,LangGraph,https://www.langchain.com/langgraph,langgraph,kept,Canonical occurrence retained
devopstools_final.md,1192,Langflow,https://www.langflow.org/,langflow,kept,Canonical occurrence retained
devopstools_final.md,158,Linode,https://www.linode.com/,linode,kept,Canonical occurrence retained
2_Cloud-Infrastructure-Serverless/README.md,20,Linode,https://www.linode.com/,linode,merged,Merged by normalized canonical URL; provenance preserved
devopstools_final.md,1194,LiteLLM,https://www.litellm.ai/,litellm,kept,Canonical occurrence retained
devopstools_final.md,253,LocalStack,https://www.localstack.cloud/,localstack,kept,Canonical occurrence retained
devopstools_final.md,1064,LocalStack,https://www.localstack.cloud/,localstack,merged,Merged by normalized canonical URL; provenance preserved
2_Cloud-Infrastructure-Serverless/README.md,166,LocalStack,https://www.localstack.cloud/,localstack,merged,Merged by normalized canonical URL; provenance preserved
7_Development-Collaboration/README.md,36,LocalStack,https://www.localstack.cloud/,localstack,merged,Merged by normalized canonical URL; provenance preserved
devopstools_final.md,819,ManageEngine IT Operations Management,https://www.manageengine.com/it-operations-management/,manageengine-it-operations-management,kept,Canonical occurrence retained
5_Monitoring-Observability/README.md,102,ManageEngine IT Operations Management,https://www.manageengine.com/it-operations-management/,manageengine-it-operations-management,merged,Merged by normalized canonical URL; provenance preserved
devopstools_final.md,820,ManageEngine NetFlow Analyzer,https://www.manageengine.com/netflow/,manageengine-netflow-analyzer,kept,Canonical occurrence retained
5_Monitoring-Observability/README.md,103,ManageEngine NetFlow Analyzer,https://www.manageengine.com/netflow/,manageengine-netflow-analyzer,merged,Merged by normalized canonical URL; provenance preserved
devopstools_final.md,954,ManageEngine Network Configuration Manager,https://www.manageengine.com/network-configuration-manager/,manageengine-network-configuration-manager,kept,Canonical occurrence retained
6_Security/README.md,80,ManageEngine Network Configuration Manager,https://www.manageengine.com/network-configuration-manager/,manageengine-network-configuration-manager,merged,Merged by normalized canonical URL; provenance preserved
devopstools_final.md,284,Meilisearch,https://www.meilisearch.com/,meilisearch,kept,Canonical occurrence retained
devopstools_final.md,138,MemTest86,https://www.memtest86.com/,memtest86,kept,Canonical occurrence retained
1_Foundational-Skills/README.md,57,MemTest86,https://www.memtest86.com/,memtest86,merged,Merged by normalized canonical URL; provenance preserved
devopstools_final.md,1269,Renovate,https://www.mend.io/renovate/,renovate,kept,Canonical occurrence retained
10_Miscellaneous/README.md,10,Renovate,https://www.mend.io/renovate/,renovate,merged,Merged by normalized canonical URL; provenance preserved
devopstools_final.md,286,MinIO,https://www.min.io/,minio,kept,Canonical occurrence retained
2_Cloud-Infrastructure-Serverless/README.md,214,MinIO,https://www.min.io/,minio,merged,Merged by normalized canonical URL; provenance preserved
devopstools_final.md,708,M/Monit,https://www.mmonit.com/,m-monit,kept,Canonical occurrence retained
5_Monitoring-Observability/README.md,13,M/Monit,https://www.mmonit.com/,m-monit,merged,Merged by normalized canonical URL; provenance preserved
devopstools_final.md,287,MongoDB,https://www.mongodb.com/,mongodb,kept,Canonical occurrence retained
devopstools_final.md,821,Moogsoft,https://www.moogsoft.com/,moogsoft,kept,Canonical occurrence retained
5_Monitoring-Observability/README.md,104,Moogsoft,https://www.moogsoft.com/,moogsoft,merged,Merged by normalized canonical URL; provenance preserved
devopstools_final.md,710,Nagios,https://www.nagios.org/,nagios,kept,Canonical occurrence retained
5_Monitoring-Observability/README.md,15,Nagios,https://www.nagios.org/,nagios,merged,Merged by normalized canonical URL; provenance preserved
devopstools_final.md,711,Netdata Cloud,https://www.netdata.cloud/,netdata-cloud,kept,Canonical occurrence retained
5_Monitoring-Observability/README.md,16,Netdata Cloud,https://www.netdata.cloud/,netdata-cloud,merged,Merged by normalized canonical URL; provenance preserved
devopstools_final.md,1135,Netlify,https://www.netlify.com/,netlify,kept,Canonical occurrence retained
7_Development-Collaboration/README.md,91,Netlify,https://www.netlify.com/,netlify,merged,Merged by normalized canonical URL; provenance preserved
devopstools_final.md,822,NetWatch Labs,https://www.netwatchlabs.com/,netwatch-labs,kept,Canonical occurrence retained
devopstools_final.md,666,Nomad,https://www.nomadproject.io/,nomad,kept,Canonical occurrence retained
4_Kubernetes-Containers/README.md,164,Nomad,https://www.nomadproject.io/,nomad,merged,Merged by normalized canonical URL; provenance preserved
devopstools_final.md,1330,nOps,https://www.nops.io/,nops,kept,Canonical occurrence retained
10_Miscellaneous/README.md,82,nOps,https://www.nops.io/,nops,merged,Merged by normalized canonical URL; provenance preserved
devopstools_final.md,1223,mcp-server-kubernetes,https://www.npmjs.com/package/mcp-server-kubernetes,mcp-server-kubernetes,kept,Canonical occurrence retained
9_AI-MLOps/README.md,56,mcp-server-kubernetes,https://www.npmjs.com/package/mcp-server-kubernetes,mcp-server-kubernetes,merged,Merged by normalized canonical URL; provenance preserved
devopstools_final.md,802,Nutanix Cost Governance,https://www.nutanix.com/products/cloud-manager/cost-governance,nutanix-cost-governance,kept,Canonical occurrence retained
5_Monitoring-Observability/README.md,88,Nutanix Cost Governance,https://www.nutanix.com/products/cloud-manager/cost-governance,nutanix-cost-governance,merged,Merged by normalized canonical URL; provenance preserved
devopstools_final.md,1186,NVIDIA DGX Cloud,https://www.nvidia.com/en-us/data-center/dgx-cloud/,nvidia-dgx-cloud,kept,Canonical occurrence retained
9_AI-MLOps/README.md,10,NVIDIA DGX Cloud,https://www.nvidia.com/en-us/data-center/dgx-cloud/,nvidia-dgx-cloud,merged,Merged by normalized canonical URL; provenance preserved
devopstools_final.md,139,OCCT,https://www.ocbase.com/,occt,kept,Canonical occurrence retained
1_Foundational-Skills/README.md,58,OCCT,https://www.ocbase.com/,occt,merged,Merged by normalized canonical URL; provenance preserved
devopstools_final.md,1260,Open Notebook,https://www.open-notebook.ai/,open-notebook,kept,Canonical occurrence retained
devopstools_final.md,893,OpenSCAP,https://www.open-scap.org/,openscap,kept,Canonical occurrence retained
6_Security/README.md,41,OpenSCAP,https://www.open-scap.org/,openscap,merged,Merged by normalized canonical URL; provenance preserved
devopstools_final.md,894,OpenSCAP Tools,https://www.open-scap.org/tools/,openscap-tools,kept,Canonical occurrence retained
6_Security/README.md,42,OpenSCAP Tools,https://www.open-scap.org/tools/,openscap-tools,merged,Merged by normalized canonical URL; provenance preserved
devopstools_final.md,892,open-appsec,https://www.openappsec.io/,open-appsec,kept,Canonical occurrence retained
6_Security/README.md,40,open-appsec,https://www.openappsec.io/,open-appsec,merged,Merged by normalized canonical URL; provenance preserved
devopstools_final.md,803,OpenCost,https://www.opencost.io/,opencost,kept,Canonical occurrence retained
5_Monitoring-Observability/README.md,89,OpenCost,https://www.opencost.io/,opencost,merged,Merged by normalized canonical URL; provenance preserved
devopstools_final.md,215,OpenFaaS,https://www.openfaas.com/,openfaas,kept,Canonical occurrence retained
2_Cloud-Infrastructure-Serverless/README.md,108,OpenFaaS,https://www.openfaas.com/,openfaas,merged,Merged by normalized canonical URL; provenance preserved
devopstools_final.md,944,Open Policy Agent,https://www.openpolicyagent.org/,open-policy-agent,kept,Canonical occurrence retained
6_Security/README.md,73,Open Policy Agent,https://www.openpolicyagent.org/,open-policy-agent,merged,Merged by normalized canonical URL; provenance preserved
devopstools_final.md,1011,OpenSSH,https://www.openssh.org/,openssh,kept,Canonical occurrence retained
devopstools_final.md,864,Fortify Static Code Analyzer,https://www.opentext.com/products/static-application-security-testing,fortify-static-code-analyzer,kept,Canonical occurrence retained
6_Security/README.md,26,Fortify Static Code Analyzer,https://www.opentext.com/products/static-application-security-testing,fortify-static-code-analyzer,merged,Merged by normalized canonical URL; provenance preserved
devopstools_final.md,259,Open vSwitch,https://www.openvswitch.org/,open-vswitch,kept,Canonical occurrence retained
devopstools_final.md,1149,OpsLevel,https://www.opslevel.com/,opslevel,kept,Canonical occurrence retained
7_Development-Collaboration/README.md,101,OpsLevel,https://www.opslevel.com/,opslevel,merged,Merged by normalized canonical URL; provenance preserved
devopstools_final.md,160,Oracle Cloud Infrastructure (OCI),https://www.oracle.com/cloud/,oracle-cloud-infrastructure-oci,kept,Canonical occurrence retained
2_Cloud-Infrastructure-Serverless/README.md,24,Oracle Cloud Infrastructure (OCI),https://www.oracle.com/cloud/,oracle-cloud-infrastructure-oci,merged,Merged by normalized canonical URL; provenance preserved
devopstools_final.md,180,Packer,https://www.packer.io/,packer,kept,Canonical occurrence retained
2_Cloud-Infrastructure-Serverless/README.md,54,Packer,https://www.packer.io/,packer,merged,Merged by normalized canonical URL; provenance preserved
devopstools_final.md,824,PagerDuty,https://www.pagerduty.com/,pagerduty,kept,Canonical occurrence retained
5_Monitoring-Observability/README.md,106,PagerDuty,https://www.pagerduty.com/,pagerduty,merged,Merged by normalized canonical URL; provenance preserved
devopstools_final.md,899,Palo Alto Cortex Cloud,https://www.paloaltonetworks.com/cortex/cloud,palo-alto-cortex-cloud,kept,Canonical occurrence retained
6_Security/README.md,44,Palo Alto Cortex Cloud,https://www.paloaltonetworks.com/cortex/cloud,palo-alto-cortex-cloud,merged,Merged by normalized canonical URL; provenance preserved
devopstools_final.md,1316,Cortex XSOAR,https://www.paloaltonetworks.com/cortex/cortex-xsoar,cortex-xsoar,kept,Canonical occurrence retained
10_Miscellaneous/README.md,66,Cortex XSOAR,https://www.paloaltonetworks.com/cortex/cortex-xsoar,cortex-xsoar,merged,Merged by normalized canonical URL; provenance preserved
devopstools_final.md,982,passbolt,https://www.passbolt.com/,passbolt,kept,Canonical occurrence retained
6_Security/README.md,93,passbolt,https://www.passbolt.com/,passbolt,merged,Merged by normalized canonical URL; provenance preserved
devopstools_final.md,961,pfSense,https://www.pfsense.org/,pfsense,kept,Canonical occurrence retained
6_Security/README.md,82,pfSense,https://www.pfsense.org/,pfsense,merged,Merged by normalized canonical URL; provenance preserved
devopstools_final.md,181,Pluralith,https://www.pluralith.com/,pluralith,kept,Canonical occurrence retained
devopstools_final.md,804,PointFive,https://www.pointfive.co/,pointfive,kept,Canonical occurrence retained
5_Monitoring-Observability/README.md,90,PointFive,https://www.pointfive.co/,pointfive,merged,Merged by normalized canonical URL; provenance preserved
devopstools_final.md,261,Portainer,https://www.portainer.io/,portainer,kept,Canonical occurrence retained
2_Cloud-Infrastructure-Serverless/README.md,174,Portainer,https://www.portainer.io/,portainer,merged,Merged by normalized canonical URL; provenance preserved
devopstools_final.md,1137,Porter,https://www.porter.run/,porter,kept,Canonical occurrence retained
7_Development-Collaboration/README.md,93,Porter,https://www.porter.run/,porter,merged,Merged by normalized canonical URL; provenance preserved
devopstools_final.md,1089,Postman,https://www.postman.com/,postman,kept,Canonical occurrence retained
7_Development-Collaboration/README.md,53,Postman,https://www.postman.com/,postman,merged,Merged by normalized canonical URL; provenance preserved
devopstools_final.md,1255,Promptfoo,https://www.promptfoo.dev/,promptfoo,kept,Canonical occurrence retained
9_AI-MLOps/README.md,70,Promptfoo,https://www.promptfoo.dev/,promptfoo,merged,Merged by normalized canonical URL; provenance preserved
devopstools_final.md,805,ProsperOps,https://www.prosperops.com/,prosperops,kept,Canonical occurrence retained
5_Monitoring-Observability/README.md,91,ProsperOps,https://www.prosperops.com/,prosperops,merged,Merged by normalized canonical URL; provenance preserved
devopstools_final.md,262,Proxmox Datacenter Manager,https://www.proxmox.com/en/products/proxmox-datacenter-manager/overview,proxmox-datacenter-manager,kept,Canonical occurrence retained
2_Cloud-Infrastructure-Serverless/README.md,176,Proxmox Datacenter Manager,https://www.proxmox.com/en/products/proxmox-datacenter-manager/overview,proxmox-datacenter-manager,merged,Merged by normalized canonical URL; provenance preserved
devopstools_final.md,263,Proxmox Virtual Environment (VE),https://www.proxmox.com/en/products/proxmox-virtual-environment/overview,proxmox-virtual-environment-ve,kept,Canonical occurrence retained
2_Cloud-Infrastructure-Serverless/README.md,178,Proxmox Virtual Environment (VE),https://www.proxmox.com/en/products/proxmox-virtual-environment/overview,proxmox-virtual-environment-ve,merged,Merged by normalized canonical URL; provenance preserved
devopstools_final.md,182,Pulumi,https://www.pulumi.com/,pulumi,kept,Canonical occurrence retained
2_Cloud-Infrastructure-Serverless/README.md,56,Pulumi,https://www.pulumi.com/,pulumi,merged,Merged by normalized canonical URL; provenance preserved
devopstools_final.md,1138,Qovery,https://www.qovery.com/,qovery,kept,Canonical occurrence retained
7_Development-Collaboration/README.md,94,Qovery,https://www.qovery.com/,qovery,merged,Merged by normalized canonical URL; provenance preserved
devopstools_final.md,945,Qubes OS,https://www.qubes-os.org/,qubes-os,kept,Canonical occurrence retained
6_Security/README.md,74,Qubes OS,https://www.qubes-os.org/,qubes-os,merged,Merged by normalized canonical URL; provenance preserved
devopstools_final.md,288,RabbitMQ,https://www.rabbitmq.com/,rabbitmq,kept,Canonical occurrence retained
devopstools_final.md,1187,Ray,https://www.ray.io/,ray,kept,Canonical occurrence retained
devopstools_final.md,670,Red Hat OpenShift,https://www.redhat.com/en/technologies/cloud-computing/openshift,red-hat-openshift,kept,Canonical occurrence retained
4_Kubernetes-Containers/README.md,168,Red Hat OpenShift,https://www.redhat.com/en/technologies/cloud-computing/openshift,red-hat-openshift,merged,Merged by normalized canonical URL; provenance preserved
devopstools_final.md,337,OpenShift Pipelines,https://www.redhat.com/en/technologies/cloud-computing/openshift/pipelines,openshift-pipelines,kept,Canonical occurrence retained
3_CI-CD-Automation/README.md,56,OpenShift Pipelines,https://www.redhat.com/en/technologies/cloud-computing/openshift/pipelines,openshift-pipelines,merged,Merged by normalized canonical URL; provenance preserved
devopstools_final.md,203,Red Hat Ansible Automation Platform,https://www.redhat.com/en/technologies/management/ansible,red-hat-ansible-automation-platform,kept,Canonical occurrence retained
2_Cloud-Infrastructure-Serverless/README.md,86,Red Hat Ansible Automation Platform,https://www.redhat.com/en/technologies/management/ansible,red-hat-ansible-automation-platform,merged,Merged by normalized canonical URL; provenance preserved
devopstools_final.md,770,rsyslog,https://www.rsyslog.com/,rsyslog,kept,Canonical occurrence retained
5_Monitoring-Observability/README.md,62,rsyslog,https://www.rsyslog.com/,rsyslog,merged,Merged by normalized canonical URL; provenance preserved
devopstools_final.md,422,RTK AI,https://www.rtk-ai.app/,rtk-ai,kept,Canonical occurrence retained
3_CI-CD-Automation/README.md,182,RTK AI,https://www.rtk-ai.app/,rtk-ai,merged,Merged by normalized canonical URL; provenance preserved
devopstools_final.md,204,Rudder,https://www.rudder.io/,rudder,kept,Canonical occurrence retained
2_Cloud-Infrastructure-Serverless/README.md,88,Rudder,https://www.rudder.io/,rudder,merged,Merged by normalized canonical URL; provenance preserved
devopstools_final.md,219,Atlantis,https://www.runatlantis.io/,atlantis,kept,Canonical occurrence retained
2_Cloud-Infrastructure-Serverless/README.md,114,Atlantis,https://www.runatlantis.io/,atlantis,merged,Merged by normalized canonical URL; provenance preserved
devopstools_final.md,407,Rundeck,https://www.rundeck.com/,rundeck,kept,Canonical occurrence retained
devopstools_final.md,360,sbt,https://www.scala-sbt.org/,sbt,kept,Canonical occurrence retained
devopstools_final.md,161,Scaleway,https://www.scaleway.com/,scaleway,kept,Canonical occurrence retained
2_Cloud-Infrastructure-Serverless/README.md,26,Scaleway,https://www.scaleway.com/,scaleway,merged,Merged by normalized canonical URL; provenance preserved
devopstools_final.md,222,Scalr,https://www.scalr.com/,scalr,kept,Canonical occurrence retained
2_Cloud-Infrastructure-Serverless/README.md,120,Scalr,https://www.scalr.com/,scalr,merged,Merged by normalized canonical URL; provenance preserved
devopstools_final.md,1039,Selenium,https://www.selenium.dev/,selenium,kept,Canonical occurrence retained
7_Development-Collaboration/README.md,16,Selenium,https://www.selenium.dev/,selenium,merged,Merged by normalized canonical URL; provenance preserved
devopstools_final.md,101,ShellCheck,https://www.shellcheck.net/,shellcheck,kept,Canonical occurrence retained
1_Foundational-Skills/README.md,22,ShellCheck,https://www.shellcheck.net/,shellcheck,merged,Merged by normalized canonical URL; provenance preserved
devopstools_final.md,891,Omni,https://www.siderolabs.com/omni/,omni,kept,Canonical occurrence retained
6_Security/README.md,39,Omni,https://www.siderolabs.com/omni/,omni,merged,Merged by normalized canonical URL; provenance preserved
devopstools_final.md,1246,Sim,https://www.sim.ai/,sim,kept,Canonical occurrence retained
devopstools_final.md,717,Site24x7,https://www.site24x7.com/,site24x7,kept,Canonical occurrence retained
5_Monitoring-Observability/README.md,21,Site24x7,https://www.site24x7.com/,site24x7,merged,Merged by normalized canonical URL; provenance preserved
devopstools_final.md,966,Snort,https://www.snort.org/,snort,kept,Canonical occurrence retained
devopstools_final.md,379,Nexus Repository,https://www.sonatype.com/products/sonatype-nexus-repository,nexus-repository,kept,Canonical occurrence retained
3_CI-CD-Automation/README.md,124,Nexus Repository,https://www.sonatype.com/products/sonatype-nexus-repository,nexus-repository,merged,Merged by normalized canonical URL; provenance preserved
devopstools_final.md,628,Spinkube,https://www.spinkube.dev/,spinkube,kept,Canonical occurrence retained
4_Kubernetes-Containers/README.md,133,Spinkube,https://www.spinkube.dev/,spinkube,merged,Merged by normalized canonical URL; provenance preserved
devopstools_final.md,292,Squid,https://www.squid-cache.org/,squid,kept,Canonical occurrence retained
2_Cloud-Infrastructure-Serverless/README.md,222,Squid,https://www.squid-cache.org/,squid,merged,Merged by normalized canonical URL; provenance preserved
devopstools_final.md,995,StrongKey,https://www.strongkey.com/,strongkey,kept,Canonical occurrence retained
6_Security/README.md,105,StrongKey,https://www.strongkey.com/,strongkey,merged,Merged by normalized canonical URL; provenance preserved
devopstools_final.md,117,Swiftorial,https://www.swiftorial.com/swiftlessons/,swiftorial,kept,Canonical occurrence retained
1_Foundational-Skills/README.md,38,Swiftorial,https://www.swiftorial.com/swiftlessons/,swiftorial,merged,Merged by normalized canonical URL; provenance preserved
devopstools_final.md,771,syslog-ng,https://www.syslog-ng.com/products/open-source-log-management/,syslog-ng,kept,Canonical occurrence retained
5_Monitoring-Observability/README.md,63,syslog-ng,https://www.syslog-ng.com/products/open-source-log-management/,syslog-ng,merged,Merged by normalized canonical URL; provenance preserved
devopstools_final.md,968,SysWarden,https://www.syswarden.io/,syswarden,kept,Canonical occurrence retained
devopstools_final.md,424,Tabby,https://www.tabbyml.com/,tabby,kept,Canonical occurrence retained
3_CI-CD-Automation/README.md,184,Tabby,https://www.tabbyml.com/,tabby,merged,Merged by normalized canonical URL; provenance preserved
devopstools_final.md,631,Talos,https://www.talos.dev/,talos,kept,Canonical occurrence retained
4_Kubernetes-Containers/README.md,136,Talos,https://www.talos.dev/,talos,merged,Merged by normalized canonical URL; provenance preserved
devopstools_final.md,849,Cisco Talos Intelligence,https://www.talosintelligence.com/,cisco-talos-intelligence,kept,Canonical occurrence retained
devopstools_final.md,1294,TechOps Examples,https://www.techopsexamples.com/,techops-examples,kept,Canonical occurrence retained
devopstools_final.md,632,Telepresence,https://www.telepresence.io/,telepresence,kept,Canonical occurrence retained
4_Kubernetes-Containers/README.md,137,Telepresence,https://www.telepresence.io/,telepresence,merged,Merged by normalized canonical URL; provenance preserved
devopstools_final.md,915,Tenable One,https://www.tenable.com/products/tenable-one,tenable-one,kept,Canonical occurrence retained
6_Security/README.md,51,Tenable One,https://www.tenable.com/products/tenable-one,tenable-one,merged,Merged by normalized canonical URL; provenance preserved
devopstools_final.md,187,Terraform,https://www.terraform.io/,terraform,kept,Canonical occurrence retained
2_Cloud-Infrastructure-Serverless/README.md,60,Terraform,https://www.terraform.io/,terraform,merged,Merged by normalized canonical URL; provenance preserved
devopstools_final.md,947,ThreatLocker,https://www.threatlocker.com/,threatlocker,kept,Canonical occurrence retained
6_Security/README.md,75,ThreatLocker,https://www.threatlocker.com/,threatlocker,merged,Merged by normalized canonical URL; provenance preserved
devopstools_final.md,343,Travis CI,https://www.travis-ci.com/,travis-ci,kept,Canonical occurrence retained
3_CI-CD-Automation/README.md,66,Travis CI,https://www.travis-ci.com/,travis-ci,merged,Merged by normalized canonical URL; provenance preserved
devopstools_final.md,680,TrueNAS,https://www.truenas.com/,truenas,kept,Canonical occurrence retained
4_Kubernetes-Containers/README.md,176,TrueNAS,https://www.truenas.com/,truenas,merged,Merged by normalized canonical URL; provenance preserved
devopstools_final.md,653,Udemy CKA Course,https://www.udemy.com/course/certified-kubernetes-administrator-with-practice-tests/,udemy-cka-course,kept,Canonical occurrence retained
4_Kubernetes-Containers/README.md,152,Udemy CKA Course,https://www.udemy.com/course/certified-kubernetes-administrator-with-practice-tests/,udemy-cka-course,merged,Merged by normalized canonical URL; provenance preserved
devopstools_final.md,1346,UrBackup,https://www.urbackup.org/,urbackup,kept,Canonical occurrence retained
10_Miscellaneous/README.md,110,UrBackup,https://www.urbackup.org/,urbackup,merged,Merged by normalized canonical URL; provenance preserved
devopstools_final.md,1063,HashiCorp Vagrant,https://www.vagrantup.com/,hashicorp-vagrant,kept,Canonical occurrence retained
7_Development-Collaboration/README.md,35,HashiCorp Vagrant,https://www.vagrantup.com/,hashicorp-vagrant,merged,Merged by normalized canonical URL; provenance preserved
devopstools_final.md,948,Valqore,https://www.valqore.io/,valqore,kept,Canonical occurrence retained
devopstools_final.md,294,Varnish Cache,https://www.varnish-software.com/fr-fr/produits/varnish-cache/,varnish-cache,kept,Canonical occurrence retained
devopstools_final.md,978,HashiCorp Vault,https://www.vaultproject.io/,hashicorp-vault,kept,Canonical occurrence retained
6_Security/README.md,91,HashiCorp Vault,https://www.vaultproject.io/,hashicorp-vault,merged,Merged by normalized canonical URL; provenance preserved
devopstools_final.md,525,vcluster,https://www.vcluster.com/,vcluster,kept,Canonical occurrence retained
4_Kubernetes-Containers/README.md,65,vcluster,https://www.vcluster.com/,vcluster,merged,Merged by normalized canonical URL; provenance preserved
devopstools_final.md,808,VegaCloud Inform,https://www.vegacloud.io/products/inform/,vegacloud-inform,kept,Canonical occurrence retained
5_Monitoring-Observability/README.md,94,VegaCloud Inform,https://www.vegacloud.io/products/inform/,vegacloud-inform,merged,Merged by normalized canonical URL; provenance preserved
devopstools_final.md,303,Virtana,https://www.virtana.com/,virtana,kept,Canonical occurrence retained
2_Cloud-Infrastructure-Serverless/README.md,234,Virtana,https://www.virtana.com/,virtana,merged,Merged by normalized canonical URL; provenance preserved
devopstools_final.md,256,Oracle VirtualBox,https://www.virtualbox.org/,oracle-virtualbox,kept,Canonical occurrence retained
devopstools_final.md,921,VirusTotal,https://www.virustotal.com/gui/home/upload,virustotal,kept,Canonical occurrence retained
devopstools_final.md,162,Vultr,https://www.vultr.com/,vultr,kept,Canonical occurrence retained
2_Cloud-Infrastructure-Serverless/README.md,28,Vultr,https://www.vultr.com/,vultr,merged,Merged by normalized canonical URL; provenance preserved
devopstools_final.md,408,Windmill,https://www.windmill.dev/,windmill,kept,Canonical occurrence retained
3_CI-CD-Automation/README.md,170,Windmill,https://www.windmill.dev/,windmill,merged,Merged by normalized canonical URL; provenance preserved
devopstools_final.md,1299,Wine,https://www.winehq.org/,wine,kept,Canonical occurrence retained
10_Miscellaneous/README.md,44,Wine,https://www.winehq.org/,wine,merged,Merged by normalized canonical URL; provenance preserved
devopstools_final.md,970,WireGuard,https://www.wireguard.com/,wireguard,kept,Canonical occurrence retained
devopstools_final.md,829,Wireshark,https://www.wireshark.org/,wireshark,kept,Canonical occurrence retained
devopstools_final.md,924,Wiz,https://www.wiz.io/,wiz,kept,Canonical occurrence retained
6_Security/README.md,56,Wiz,https://www.wiz.io/,wiz,merged,Merged by normalized canonical URL; provenance preserved
devopstools_final.md,809,Xosphere,https://www.xosphere.io/,xosphere,kept,Canonical occurrence retained
devopstools_final.md,810,Yotascale,https://www.yotascale.com/,yotascale,kept,Canonical occurrence retained
5_Monitoring-Observability/README.md,95,Yotascale,https://www.yotascale.com/,yotascale,merged,Merged by normalized canonical URL; provenance preserved
devopstools_final.md,720,Zabbix,https://www.zabbix.com/,zabbix,kept,Canonical occurrence retained
5_Monitoring-Observability/README.md,24,Zabbix,https://www.zabbix.com/,zabbix,merged,Merged by normalized canonical URL; provenance preserved
devopstools_final.md,896,OWASP ZAP,https://www.zaproxy.org/,owasp-zap,kept,Canonical occurrence retained
6_Security/README.md,43,OWASP ZAP,https://www.zaproxy.org/,owasp-zap,merged,Merged by normalized canonical URL; provenance preserved
devopstools_final.md,104,Zsh,https://www.zsh.org/,zsh,kept,Canonical occurrence retained
1_Foundational-Skills/README.md,25,Zsh,https://www.zsh.org/,zsh,merged,Merged by normalized canonical URL; provenance preserved
devopstools_final.md,295,Xata,https://xata.io/,xata,kept,Canonical occurrence retained
devopstools_final.md,274,XCP-ng,https://xcp-ng.org/,xcp-ng,kept,Canonical occurrence retained
2_Cloud-Infrastructure-Serverless/README.md,198,XCP-ng,https://xcp-ng.org/,xcp-ng,merged,Merged by normalized canonical URL; provenance preserved
devopstools_final.md,638,YAML,https://yaml.org/,yaml,kept,Canonical occurrence retained
4_Kubernetes-Containers/README.md,142,YAML,https://yaml.org/,yaml,merged,Merged by normalized canonical URL; provenance preserved
devopstools_final.md,1075,Yazi,https://yazi-rs.github.io/,yazi,kept,Canonical occurrence retained
devopstools_final.md,398,YokeCD,https://yokecd.github.io/,yokecd,kept,Canonical occurrence retained
3_CI-CD-Automation/README.md,156,YokeCD,https://yokecd.github.io/,yokecd,merged,Merged by normalized canonical URL; provenance preserved
devopstools_final.md,830,Zenduty,https://zenduty.com/,zenduty,kept,Canonical occurrence retained
5_Monitoring-Observability/README.md,109,Zenduty,https://zenduty.com/,zenduty,merged,Merged by normalized canonical URL; provenance preserved
devopstools_final.md,811,Zesty,https://zesty.co/,zesty,kept,Canonical occurrence retained
5_Monitoring-Observability/README.md,96,Zesty,https://zesty.co/,zesty,merged,Merged by normalized canonical URL; provenance preserved
devopstools_final.md,757,Zipkin,https://zipkin.io/,zipkin,kept,Canonical occurrence retained
5_Monitoring-Observability/README.md,51,Zipkin,https://zipkin.io/,zipkin,merged,Merged by normalized canonical URL; provenance preserved
